f0,f1,f2,f3,f4,f5,f6,f7,f8,f9,f10,f11,f12,f13,f14,f15,f16,f17,f18,f19,f20,f21,f22,f23,f24,label
92,8.65,23,12,5,16,1.17,12,18,2,105,2.64,12,16,7,116,8.94,7,8,1,82,9.15,36,6,4,0
27,9.63,26,5,6,94,5.91,38,0,2,29,3.51,37,13,5,81,5.25,12,17,1,60,6.71,34,5,5,0
34,7.6,37,12,1,57,6.42,45,2,7,38,3.4,0,6,2,17,8.98,19,10,5,80,3.26,7,17,1,0
118,8.08,24,8,4,42,4.59,42,2,10,16,5.74,44,2,9,47,2.52,20,17,10,37,9.65,35,16,10,2
64,6.66,0,10,3,24,6.17,9,20,3,59,5.89,46,11,5,94,1.81,30,1,6,38,2.09,27,10,1,0
23,6.69,38,12,4,63,8.97,20,14,1,107,2.82,0,19,3,11,5.61,25,12,9,37,7.45,40,1,2,0
82,4.26,46,10,10,114,2.14,6,17,7,101,4.91,13,7,1,67,4.89,26,0,1,93,7.95,40,19,4,0
114,7.43,27,0,7,113,8.44,27,15,8,50,7.31,41,7,6,37,8.52,19,4,3,104,3.41,9,11,5,1
76,8.53,6,9,10,58,3.0,13,16,1,42,9.83,5,6,2,99,3.48,44,13,9,104,6.69,18,9,4,0
56,9.24,48,16,4,107,4.87,4,13,10,82,4.05,20,1,9,48,1.04,33,13,10,61,7.53,5,17,1,0
11,1.62,26,12,3,89,1.53,19,18,7,40,2.01,49,16,1,85,9.23,44,17,10,35,4.73,20,12,9,2
96,1.7,32,15,5,105,1.92,7,5,9,120,2.78,20,4,2,57,9.18,46,13,3,10,6.53,5,9,2,0
98,9.67,10,14,1,15,9.21,11,20,3,15,7.62,3,17,5,48,2.59,25,15,5,19,2.69,25,5,5,0
84,1.94,41,14,2,71,9.81,33,8,4,72,4.44,22,16,2,84,7.33,34,16,5,34,7.88,20,14,3,0
80,3.25,41,13,4,82,3.14,29,20,1,82,6.21,50,15,5,120,2.03,23,2,5,47,8.57,41,13,10,2
111,5.0,2,6,9,86,9.01,7,2,5,76,2.69,26,6,7,54,8.39,7,4,3,112,3.16,36,7,2,0
97,9.97,41,15,2,14,8.52,30,13,8,47,7.98,43,5,3,20,1.5,25,11,10,46,5.62,31,2,2,2
14,1.75,1,6,2,20,1.95,37,9,1,51,8.53,47,14,8,93,5.18,48,3,8,67,5.43,42,11,10,2
56,3.28,42,3,1,116,5.98,39,15,4,35,1.54,36,16,9,85,2.07,3,11,4,67,5.76,31,0,10,2
13,7.06,46,20,5,86,5.93,18,16,6,93,3.26,42,5,9,47,3.95,23,11,2,51,5.12,10,5,1,0
52,9.51,1,8,1,99,2.17,14,13,10,110,3.7,35,14,7,38,7.62,16,5,3,44,8.44,36,18,4,0
38,6.92,15,15,2,82,2.83,44,17,8,44,9.48,28,18,8,53,8.81,25,5,3,108,6.12,33,0,4,0
52,7.55,48,2,1,73,9.64,40,10,9,45,4.72,8,1,4,72,5.06,44,8,7,84,5.15,49,14,4,2
109,4.38,7,17,5,93,3.48,28,19,9,84,6.32,5,2,4,68,8.37,27,9,1,55,6.67,14,0,8,0
28,2.67,6,6,3,88,6.99,45,5,9,27,3.12,8,7,10,76,3.59,36,13,4,92,1.6,25,1,2,0
12,5.14,26,5,9,101,8.02,4,16,8,60,4.93,5,15,8,51,2.2,29,6,7,29,5.64,13,13,7,0
95,2.35,32,2,2,105,4.11,6,13,5,117,9.13,11,12,7,87,4.53,35,14,4,64,9.3,29,8,7,0
59,3.82,47,6,3,41,4.82,46,14,1,40,8.87,30,6,3,37,5.77,6,16,2,40,8.99,39,4,3,2
49,9.73,22,2,1,89,5.04,35,1,7,21,8.82,5,8,6,68,3.18,35,6,3,90,4.98,26,15,2,0
98,2.55,4,14,9,15,3.98,41,2,5,63,9.87,32,6,7,27,1.3,36,2,1,97,4.88,32,9,6,0
52,7.57,19,12,5,52,2.33,46,6,10,18,5.6,23,14,6,97,2.2,49,19,7,120,1.24,47,16,1,2
28,4.5,43,10,10,94,2.18,6,20,9,86,4.59,12,1,6,103,9.56,38,20,8,63,5.99,48,17,6,0
10,3.34,39,0,8,43,8.05,24,18,2,113,8.64,13,17,5,77,9.44,13,4,7,29,1.48,35,4,4,0
89,6.25,40,18,8,80,1.02,32,15,2,62,9.2,20,18,4,16,5.45,37,18,5,94,1.72,17,12,5,0
82,1.43,6,3,7,52,3.32,5,3,6,14,5.79,34,18,9,65,8.97,46,18,1,45,3.13,45,11,8,0
43,3.56,5,19,3,28,7.05,16,4,3,55,2.12,46,8,8,70,1.96,8,1,4,67,7.05,0,0,4,0
68,2.41,31,1,9,97,4.89,34,15,7,46,4.94,33,5,9,20,4.54,22,8,10,30,2.87,23,0,6,0
34,6.76,8,10,6,102,7.49,21,0,5,75,3.66,41,9,6,89,1.08,0,15,9,82,8.54,42,9,4,0
80,7.26,37,20,8,54,4.19,43,0,7,78,8.15,22,5,2,100,9.48,39,8,8,16,7.56,17,13,9,1
33,6.63,50,20,9,18,8.82,2,7,5,95,7.85,9,10,9,118,4.69,27,5,4,106,8.97,4,8,3,1
82,4.29,44,15,3,118,8.42,22,13,6,17,5.41,24,0,7,50,7.33,7,11,8,84,5.78,30,6,4,0
29,3.11,27,10,8,91,7.94,9,6,7,12,3.04,4,7,3,114,1.51,14,6,6,29,4.7,42,18,5,0
93,3.8,25,15,8,63,6.69,17,5,7,54,7.8,7,17,2,10,2.65,21,9,5,93,9.87,48,20,7,0
44,8.54,3,18,7,69,7.67,42,17,7,55,5.29,45,1,1,109,3.09,38,9,6,18,3.2,14,17,10,0
16,1.62,19,3,3,65,4.98,6,13,5,97,2.1,12,4,5,29,5.34,13,2,8,81,3.04,42,10,4,0
89,5.72,44,18,8,81,7.87,40,16,5,119,3.81,44,13,10,63,8.22,50,18,1,88,6.39,20,11,9,2
110,3.83,17,8,9,74,4.11,31,8,10,99,9.28,43,6,7,38,2.84,21,7,1,46,9.62,4,9,2,0
101,4.78,12,20,4,82,3.04,22,20,8,77,7.1,41,15,10,93,7.34,32,18,4,41,6.64,10,6,8,0
81,6.62,5,14,3,66,9.46,13,6,10,57,3.29,13,9,7,89,6.45,13,5,5,113,6.4,38,10,3,0
35,7.16,31,18,2,60,5.46,23,10,7,39,5.77,12,8,8,41,8.56,20,5,5,41,2.67,38,18,3,0
81,8.92,6,4,4,84,2.18,27,12,1,120,6.08,29,13,6,11,3.63,26,1,4,95,3.11,12,11,9,0
117,4.64,48,20,10,115,8.28,27,13,3,17,6.39,42,5,7,87,6.84,13,3,6,75,6.45,7,8,3,0
32,6.39,9,16,1,67,8.97,36,1,1,23,3.38,20,1,1,108,8.48,2,17,9,67,5.1,38,13,4,0
70,9.55,35,3,10,10,1.13,4,12,1,56,9.46,35,15,1,72,8.1,47,0,3,92,4.84,48,2,8,2
95,6.17,7,9,9,41,4.11,8,19,3,94,6.86,11,17,3,41,4.78,19,7,7,99,1.57,48,16,2,0
51,3.1,40,12,9,27,8.15,45,18,5,94,3.65,45,1,1,82,3.12,15,17,1,21,2.08,45,1,7,2
74,2.48,31,3,1,105,5.84,5,15,5,65,1.75,17,8,1,119,9.84,46,4,2,62,1.81,32,16,8,0
51,4.33,29,5,9,67,1.19,45,16,2,79,9.92,20,18,7,66,4.92,14,15,3,37,4.93,18,14,2,0
116,1.55,31,20,2,94,1.18,8,1,6,51,9.89,12,18,4,51,2.61,30,4,10,47,3.33,7,3,7,0
109,5.95,44,20,3,50,4.89,25,10,1,54,9.74,16,14,8,117,1.86,19,13,10,71,3.8,48,2,9,2
92,9.13,37,5,8,65,3.27,7,19,6,70,9.93,45,0,10,16,8.26,4,17,5,112,4.64,24,13,2,1
98,6.81,21,18,4,37,9.75,13,18,2,99,9.68,43,13,7,38,4.96,40,7,3,34,2.19,29,1,10,0
100,4.23,4,13,2,96,7.44,43,0,10,32,7.65,50,6,8,52,6.65,1,10,9,62,6.18,26,8,10,0
107,6.87,12,14,4,40,4.28,38,13,2,88,1.89,12,4,3,117,6.76,42,11,5,38,8.83,22,15,4,0
10,4.83,41,10,1,37,4.26,2,6,3,15,7.27,10,9,9,15,7.27,24,3,8,18,4.65,4,20,1,0
47,9.72,9,19,1,118,3.6,17,17,4,20,2.04,42,13,1,95,2.89,33,5,4,69,1.51,16,9,2,0
98,4.56,19,13,7,83,8.31,8,17,1,113,7.33,50,5,8,94,7.12,31,2,4,108,4.44,1,20,8,0
78,7.86,36,11,4,76,1.98,27,13,2,36,5.06,13,2,8,98,5.98,0,20,3,29,7.51,50,3,6,0
93,9.53,30,8,3,30,8.73,48,2,8,38,7.95,33,8,1,12,6.19,27,7,5,105,5.28,8,5,10,1
114,1.08,38,10,2,46,5.79,26,9,8,99,4.98,28,3,1,53,2.61,29,6,3,27,4.05,20,19,9,0
58,2.38,14,10,5,69,8.75,21,0,9,76,4.56,43,7,3,69,3.7,42,3,6,73,5.12,38,14,8,2
109,2.0,3,2,2,24,5.44,36,11,10,67,6.7,49,6,3,91,6.09,30,18,9,49,7.47,17,1,4,0
93,4.78,9,9,8,34,9.64,6,0,7,106,1.53,4,10,10,37,2.12,8,16,6,11,5.92,40,15,2,0
98,1.97,30,6,3,94,4.95,1,16,2,18,3.13,47,6,3,24,6.81,27,10,8,41,7.1,18,15,9,0
74,6.39,8,5,4,40,2.41,23,17,7,15,3.57,29,9,1,118,4.19,1,16,8,80,8.45,22,4,3,0
20,8.13,37,4,8,79,9.09,28,20,3,52,3.05,17,11,3,23,9.35,1,17,4,16,2.98,23,10,1,0
31,3.64,36,5,4,22,8.51,45,8,10,82,2.41,5,1,5,83,9.11,40,14,9,44,2.13,17,12,7,0
73,2.71,6,3,3,30,3.18,7,18,2,35,7.49,36,11,2,27,1.33,27,17,9,57,9.79,14,9,10,0
98,8.67,25,4,1,95,4.09,12,2,5,110,9.33,39,11,9,57,4.27,23,6,1,97,7.95,21,13,1,0
16,2.63,42,19,4,16,2.5,41,19,6,15,7.66,18,10,3,98,5.3,41,18,5,63,5.35,0,16,8,0
26,6.43,28,20,8,67,7.47,9,20,5,82,1.0,7,15,3,113,7.48,6,0,6,33,9.35,46,13,4,0
39,1.29,44,5,5,85,8.75,24,0,7,14,6.17,2,18,7,70,2.36,33,8,1,24,2.85,40,15,5,0
113,5.22,13,20,8,30,8.23,45,5,3,17,7.0,10,0,9,37,9.83,42,13,8,73,2.53,41,3,10,2
45,7.89,6,14,1,30,3.11,19,10,2,76,5.31,19,19,10,94,7.89,43,14,4,96,1.82,50,4,3,0
81,3.91,31,17,8,109,5.36,15,20,2,49,3.66,9,4,3,71,2.98,3,0,7,104,5.24,13,5,7,0
89,8.8,50,20,9,23,6.72,44,3,2,48,7.76,0,6,9,28,9.69,29,4,10,106,1.55,21,5,9,0
45,9.32,18,14,10,67,5.34,4,13,4,37,4.03,18,0,5,88,9.51,11,19,10,117,8.66,35,5,6,1
26,4.85,5,1,7,37,9.35,8,1,1,113,7.79,43,1,3,52,5.46,28,11,1,22,4.3,0,17,3,0
110,4.8,28,0,1,103,6.88,29,2,1,44,5.56,46,7,2,111,7.72,48,10,9,11,9.0,45,10,7,2
111,6.17,15,10,4,72,4.71,10,13,7,24,7.64,45,1,7,31,7.81,19,16,8,94,2.29,29,4,7,0
42,9.53,18,6,10,23,3.22,27,4,4,53,3.86,31,20,9,32,5.9,47,18,6,79,6.54,33,0,9,2
55,5.18,25,5,1,47,6.66,29,10,3,99,2.25,13,3,7,68,3.57,40,14,1,48,5.6,36,4,2,0
102,8.48,32,11,2,29,3.92,15,6,3,94,8.0,10,18,3,40,5.8,29,19,6,62,3.93,13,2,6,0
114,2.72,34,15,8,112,3.97,6,7,4,47,3.62,43,9,6,30,7.14,13,5,6,49,1.1,14,11,4,0
65,3.74,33,2,4,72,6.47,6,14,5,115,4.84,0,19,9,55,4.81,22,2,1,107,3.01,43,10,10,0
60,6.65,18,4,8,95,3.28,35,14,8,73,4.01,9,16,6,12,5.46,26,3,5,80,5.12,27,17,1,0
23,3.44,14,13,2,101,7.5,19,18,10,34,4.54,7,6,9,64,2.26,44,17,10,72,5.59,39,8,8,0
103,7.47,13,15,10,94,7.38,14,2,2,87,9.32,45,15,3,63,7.39,3,5,5,68,7.22,25,18,6,1
115,5.7,33,12,9,24,7.53,29,5,1,56,2.27,48,17,2,29,8.32,35,12,6,105,9.03,10,15,8,2
38,3.49,8,1,10,118,9.64,21,11,8,44,6.68,44,8,2,116,6.78,40,2,4,110,2.52,44,8,10,2
109,9.72,20,4,8,55,2.62,31,6,3,89,8.8,25,19,5,11,5.1,26,15,1,23,4.57,20,15,6,0
77,6.8,10,10,4,110,2.49,42,2,3,113,2.37,31,12,3,43,3.97,21,13,1,79,2.37,18,10,8,0
112,2.9,18,18,9,76,2.74,42,10,5,70,6.15,31,5,5,55,3.17,9,11,8,84,4.0,32,17,3,0
24,7.93,7,13,2,24,3.93,37,8,10,16,4.2,4,19,7,32,9.38,21,9,6,78,3.76,39,6,9,0
87,5.54,32,15,7,84,6.26,1,10,10,14,8.72,17,17,9,48,5.86,11,9,5,118,6.76,33,9,8,0
105,4.66,48,18,1,52,3.11,10,11,5,39,7.64,21,12,4,106,2.3,38,2,1,86,6.42,2,18,3,0
79,5.14,23,18,1,116,3.21,3,8,6,54,8.04,45,10,7,22,4.09,0,3,4,86,1.52,6,15,1,0
21,5.38,37,0,4,101,4.19,30,1,1,87,7.15,19,14,5,22,8.45,4,13,10,55,9.47,44,15,1,0
120,7.23,10,6,4,116,4.1,20,15,6,89,7.2,47,15,9,61,8.89,34,10,5,85,8.95,4,2,2,1
23,3.11,31,15,4,35,1.43,4,11,1,61,1.74,9,18,5,102,8.64,23,9,2,35,1.2,37,3,8,0
116,1.44,17,0,3,14,6.13,28,0,4,73,9.68,29,6,2,102,7.84,25,19,4,68,6.42,0,14,7,0
74,3.39,8,1,5,106,7.61,15,20,9,120,4.33,9,5,7,19,9.68,4,11,9,46,4.06,25,11,7,0
18,3.16,45,17,4,86,3.01,16,4,2,40,8.84,35,12,6,24,3.55,6,13,8,56,1.9,11,9,7,0
43,4.65,25,8,4,87,7.5,27,7,3,22,9.33,50,6,2,44,9.33,30,7,6,26,6.65,30,14,3,1
85,9.05,46,12,8,20,7.68,8,17,3,82,9.47,10,3,10,86,4.83,17,8,5,45,8.72,50,7,10,1
81,2.06,2,15,2,98,6.8,43,17,1,46,7.49,22,20,5,42,8.66,26,15,8,57,8.69,27,4,5,0
45,9.1,48,19,4,99,5.62,22,6,2,72,7.8,27,15,5,18,8.36,45,11,10,84,9.85,37,0,1,1
80,6.74,23,0,4,52,6.62,46,13,9,41,4.23,45,5,4,78,6.8,31,9,3,29,7.2,49,13,9,2
31,6.21,35,2,1,34,3.22,6,15,2,14,5.05,10,11,5,91,4.05,33,5,8,23,2.71,38,14,4,0
55,4.49,48,2,6,19,8.18,28,13,3,15,5.09,34,7,8,32,8.56,48,8,5,82,5.13,34,15,1,2
15,5.73,8,18,5,63,6.2,50,18,6,36,9.8,9,14,5,80,5.04,15,19,1,77,9.85,21,2,10,1
39,4.06,19,0,9,38,2.66,4,13,7,52,6.61,49,9,6,113,7.32,18,7,4,50,2.26,11,18,1,0
112,9.36,11,7,10,32,9.97,19,5,5,13,8.49,28,1,3,120,2.92,29,5,9,17,8.07,44,16,8,1
70,8.9,27,17,4,108,4.42,16,15,7,63,2.05,13,20,9,93,9.88,46,20,5,34,10.0,10,15,7,1
57,1.98,5,4,3,96,7.79,39,20,2,70,6.98,42,2,10,111,8.29,4,18,5,107,7.18,28,10,7,0
70,2.18,48,20,5,28,4.39,11,11,6,23,5.4,42,4,4,89,4.71,31,10,4,14,5.49,21,15,8,2
45,5.13,29,15,2,25,7.69,33,6,3,107,2.35,0,19,5,12,3.15,47,15,8,49,4.06,32,1,9,0
17,1.15,10,6,10,87,3.95,47,4,9,35,3.21,10,10,6,33,4.29,2,18,10,24,9.32,42,8,7,0
38,8.13,32,16,5,82,1.97,50,20,5,27,8.99,31,4,9,17,1.25,7,9,2,77,2.83,10,7,7,0
71,1.44,20,12,5,32,1.75,7,0,10,110,5.86,47,20,8,39,3.48,40,15,8,98,2.48,25,17,8,0
102,2.14,45,8,1,29,2.55,16,17,10,27,4.57,22,14,6,70,6.83,38,3,5,96,1.42,42,5,8,2
71,6.94,28,3,6,100,5.48,20,13,6,34,5.6,38,14,7,85,1.88,8,15,8,106,3.79,13,11,1,0
111,9.92,39,3,4,22,7.29,2,9,6,104,9.36,2,20,4,96,6.69,14,6,4,29,5.89,15,13,3,1
96,5.67,31,11,7,12,2.5,2,0,6,67,3.37,50,3,7,51,1.06,18,0,10,12,3.23,30,12,8,0
114,2.13,12,9,8,11,3.29,41,12,4,26,3.9,1,11,3,62,7.45,20,0,2,52,5.24,38,5,10,0
29,7.44,50,17,4,90,8.65,48,11,1,100,6.07,27,6,6,80,7.71,49,17,6,44,7.22,41,7,1,1
68,5.73,7,8,3,25,9.35,2,20,2,78,8.65,31,1,10,92,2.97,28,10,4,96,2.73,35,6,1,0
97,8.11,6,1,4,40,8.98,35,4,3,64,8.26,23,2,8,10,9.73,11,0,8,18,5.44,26,1,8,1
96,9.95,13,15,9,17,4.16,29,8,2,32,2.23,49,2,6,92,6.71,25,9,6,97,3.47,31,3,8,0
69,7.99,30,10,6,83,6.62,49,15,6,59,6.06,8,12,6,93,6.86,14,6,7,106,6.76,0,17,4,0
87,8.86,4,3,10,68,4.73,48,9,10,87,1.33,9,17,3,79,1.98,35,14,3,74,9.15,41,18,2,0
23,6.97,22,11,6,97,8.23,39,16,3,30,6.38,13,2,6,76,6.77,27,10,1,32,7.47,15,2,1,1
31,3.78,45,18,6,47,3.05,44,5,1,24,1.62,5,18,2,103,4.87,19,8,9,76,1.99,4,15,6,0
73,2.14,12,19,7,110,8.05,31,16,6,85,4.4,22,15,7,67,4.35,27,13,7,12,6.6,2,15,8,0
16,4.26,29,2,6,60,2.38,40,0,6,57,3.75,29,17,6,85,1.73,11,18,2,115,4.27,21,10,4,0
35,4.56,4,2,4,67,5.02,42,19,10,26,4.57,38,17,9,16,2.27,17,8,8,84,1.71,50,1,6,2
74,3.46,28,5,2,112,2.13,9,19,1,29,1.32,29,3,6,26,3.21,12,7,1,95,9.18,33,18,10,0
75,6.6,49,10,10,96,9.02,15,13,4,66,3.43,41,10,8,101,3.39,50,7,4,58,7.35,0,16,2,2
116,2.35,19,11,2,86,3.13,2,10,6,114,1.51,31,11,6,40,1.26,21,9,9,71,7.66,19,15,5,0
78,6.05,7,7,7,87,3.4,3,19,2,114,4.94,39,19,2,120,4.3,8,10,6,56,5.68,16,0,8,0
55,9.45,26,20,3,77,2.73,40,1,5,50,7.01,30,6,7,35,9.65,7,17,3,18,3.21,41,1,6,0
53,9.24,44,9,10,26,5.85,45,13,2,29,5.15,4,9,7,10,7.44,23,4,3,112,4.34,43,6,3,2
46,1.56,48,4,5,93,9.5,4,20,1,54,7.68,47,12,3,11,1.18,35,9,10,60,5.45,41,7,3,2
65,6.19,27,17,8,18,7.65,27,2,9,103,1.17,50,9,2,27,5.65,1,10,1,18,4.5,49,15,9,2
90,4.41,30,10,6,50,9.86,15,9,9,97,1.12,31,4,10,103,4.67,32,2,9,68,3.3,32,18,8,0
47,7.6,18,19,8,94,5.3,10,10,1,67,2.88,22,18,4,14,4.26,28,9,5,37,8.63,39,12,3,0
118,3.11,8,10,10,104,2.68,16,12,10,89,3.55,29,17,7,100,4.54,9,18,4,96,8.77,49,3,3,0
85,8.94,38,5,5,68,3.78,32,13,7,18,7.16,38,1,3,20,6.22,40,7,5,99,2.03,28,1,6,2
100,9.99,27,9,2,45,1.77,22,20,7,89,9.63,27,17,8,75,8.37,45,5,8,32,4.01,22,15,8,0
11,6.22,36,19,7,21,7.03,33,6,3,57,4.8,40,9,7,73,8.22,49,3,7,71,2.1,0,17,7,2
90,7.15,20,7,9,84,2.12,37,0,10,114,2.89,37,19,2,73,7.07,49,17,10,112,3.65,24,6,9,2
33,5.76,10,17,6,102,2.1,39,15,6,29,8.39,50,17,2,68,9.31,36,13,4,12,3.26,43,9,2,2
38,4.05,24,4,1,110,7.61,47,13,6,34,1.02,48,14,4,71,7.75,47,17,8,42,9.61,25,10,5,2
111,2.12,21,0,7,40,7.1,2,17,8,67,1.67,26,9,9,113,2.5,43,14,4,18,1.5,1,9,3,0
75,8.9,44,1,7,32,8.69,49,15,10,66,5.83,6,2,3,117,8.74,8,15,10,69,3.23,48,15,10,1
53,6.73,49,8,4,70,2.75,24,5,7,90,8.42,13,12,3,37,1.08,7,5,1,33,1.98,12,19,9,0
77,5.83,47,17,8,16,9.52,27,0,9,48,8.41,24,12,1,99,2.86,2,15,9,11,2.94,44,20,2,0
31,1.45,43,2,7,98,6.04,27,17,10,68,6.5,22,20,6,53,9.64,12,1,2,13,2.59,11,16,7,0
64,3.51,41,7,7,32,8.89,32,18,5,64,8.41,27,9,3,10,6.75,49,14,2,81,6.09,3,18,10,2
98,9.12,12,7,7,63,1.32,43,1,5,92,5.51,15,8,9,59,6.39,24,10,1,78,4.55,50,3,9,0
27,3.3,20,10,8,50,7.83,39,20,4,36,4.93,44,20,9,44,5.4,35,7,2,106,4.34,4,12,10,0
34,4.5,30,15,1,100,2.61,17,3,4,69,4.97,50,5,5,11,4.4,25,14,3,16,2.72,2,16,8,0
78,2.14,34,3,7,85,6.1,21,3,5,97,1.79,3,19,6,80,5.82,22,19,6,92,1.71,37,14,10,0
66,8.99,3,3,1,31,9.83,32,15,8,58,6.93,26,16,7,81,4.87,11,14,6,108,9.44,25,6,3,1
37,2.35,28,15,3,14,9.31,35,17,9,100,3.83,31,3,1,115,3.05,32,17,2,88,8.29,7,9,1,0
59,5.33,7,5,3,26,1.94,31,1,5,15,8.92,18,17,10,37,7.43,17,10,2,67,5.2,12,16,2,0
89,7.19,13,10,2,47,4.64,36,9,7,93,4.11,19,19,6,112,7.09,42,13,7,112,8.76,7,2,7,0
56,3.62,31,11,9,37,1.02,47,19,4,79,1.02,30,12,7,59,2.46,37,9,5,17,3.12,49,2,10,2
31,6.97,25,1,4,58,6.04,28,11,10,61,8.04,33,15,4,30,8.16,12,9,9,91,3.02,33,16,7,0
83,4.61,50,3,2,46,5.31,2,15,2,15,3.45,10,8,5,75,2.56,38,17,10,115,7.21,4,19,9,0
96,8.87,39,9,3,51,8.45,33,9,8,100,3.85,28,12,1,71,6.82,8,7,8,53,6.27,45,4,1,2
13,8.35,24,18,4,68,5.83,10,18,5,95,3.22,26,13,10,81,1.62,35,15,3,41,5.39,25,18,3,0
24,4.83,18,10,4,71,4.18,42,12,2,80,7.45,40,18,8,41,9.02,47,4,5,26,3.08,37,12,7,2
92,5.78,25,12,10,112,3.02,8,15,1,54,6.5,41,3,5,120,6.78,4,6,7,45,9.45,10,16,1,0
62,9.33,37,10,4,120,7.38,28,12,4,60,3.75,35,8,1,58,2.78,18,8,4,107,8.12,50,7,6,2
72,5.71,30,12,8,35,7.03,49,18,10,55,2.34,0,1,10,23,3.4,23,5,3,26,4.54,31,6,9,0
83,2.29,3,7,10,95,1.67,30,10,3,73,5.95,31,3,5,77,2.6,25,19,9,62,9.76,3,16,6,0
46,1.91,48,7,4,30,1.11,38,15,9,11,4.2,16,7,5,16,8.72,39,14,3,21,1.69,10,15,10,2
114,6.32,38,4,7,67,1.47,41,12,10,56,1.45,44,6,8,30,9.11,6,4,5,92,7.46,0,9,2,0
28,1.18,19,1,9,85,5.94,35,6,2,48,5.33,9,5,6,36,3.01,10,12,8,91,2.62,2,12,1,0
86,2.02,13,19,4,20,7.46,22,8,1,61,9.72,17,1,1,52,8.2,11,12,3,29,5.14,21,11,5,0
16,4.21,12,3,2,55,9.03,32,2,2,27,3.11,2,12,10,37,5.87,45,9,2,31,4.64,14,1,10,0
29,4.61,45,7,3,100,6.3,45,5,1,72,4.72,34,18,2,120,2.19,3,6,6,36,2.6,7,15,4,0
74,8.21,9,13,6,120,2.21,3,11,10,84,8.11,49,18,4,97,5.48,22,18,2,11,6.73,34,20,3,0
102,9.6,50,10,1,57,8.24,45,8,9,31,7.96,0,5,1,100,3.51,19,10,10,35,6.58,23,16,1,1
56,9.76,14,3,5,79,3.58,41,14,9,117,4.85,40,0,5,77,7.5,10,18,8,42,6.96,32,14,3,0
39,2.18,49,8,6,21,9.99,5,0,3,32,9.75,42,2,2,27,1.37,47,0,4,63,3.12,34,5,9,2
35,6.0,25,0,1,115,6.57,27,11,2,96,4.18,33,0,9,60,5.85,10,6,9,49,8.39,43,4,3,0
19,6.85,37,6,7,23,6.59,13,8,4,102,1.71,19,1,6,94,2.87,50,19,7,110,2.83,15,5,10,0
63,2.56,40,14,5,43,2.78,10,8,3,21,1.28,20,9,10,58,2.5,34,20,5,49,2.12,27,4,1,0
87,1.6,48,9,2,71,1.23,9,5,10,11,7.98,6,17,4,119,6.78,6,8,7,31,2.48,28,16,10,0
28,1.31,36,5,9,58,1.68,16,11,8,54,9.82,48,18,8,68,9.91,42,1,6,77,6.0,43,13,3,2
68,4.33,43,12,3,80,9.96,16,10,5,61,1.81,28,16,4,44,4.21,28,8,6,84,2.3,5,2,1,0
36,8.42,40,12,5,16,9.62,31,13,5,95,1.07,16,2,4,99,1.87,48,13,8,14,9.94,27,16,1,2
36,6.57,2,15,9,93,2.5,10,11,9,80,4.62,6,10,9,115,8.13,34,7,3,54,7.0,50,0,10,0
99,2.65,18,12,10,32,2.11,34,8,7,63,2.37,26,12,5,63,6.36,3,13,4,80,7.37,3,4,7,0
26,9.9,1,4,1,103,2.76,19,14,6,48,7.92,47,18,8,69,5.86,48,11,10,13,3.9,21,16,7,0
72,7.49,43,13,8,29,5.57,35,15,8,85,3.37,15,11,9,50,9.93,31,10,2,69,9.93,16,1,9,1
75,7.6,31,5,9,118,7.14,44,7,4,65,3.65,21,4,7,66,1.48,50,2,5,119,4.63,34,20,4,2
69,5.75,10,15,4,86,3.92,17,13,10,94,3.42,21,5,8,23,4.93,42,19,6,46,7.01,41,11,6,0
102,1.27,48,18,10,56,6.19,15,3,5,90,9.25,45,20,7,73,4.41,34,19,2,22,1.97,12,0,9,2
113,1.4,10,13,5,36,8.33,12,8,4,61,6.0,25,15,1,19,7.87,36,14,3,36,5.01,49,4,5,0
21,6.99,20,18,6,20,6.78,41,7,9,91,5.41,12,7,6,23,5.1,47,15,5,103,2.59,23,7,8,0
29,2.16,2,5,8,28,9.36,13,6,1,82,9.39,36,3,10,86,7.42,10,9,4,68,4.79,16,0,7,0
86,8.93,36,12,1,33,9.8,19,4,6,48,5.1,29,3,5,114,6.9,44,3,7,60,5.97,44,8,8,1
55,8.4,21,6,10,114,9.9,30,8,4,35,4.84,38,15,8,18,1.48,14,2,9,65,7.82,19,20,3,0
46,5.68,33,18,5,59,3.59,26,5,1,86,4.13,10,7,8,41,6.26,43,13,8,35,2.86,39,3,6,2
91,9.19,27,8,5,114,9.91,49,9,3,16,8.89,2,14,7,35,2.89,6,17,6,52,2.52,18,10,4,0
114,4.36,15,15,5,100,1.23,27,0,5,21,7.62,32,13,10,60,9.87,36,14,9,31,4.13,31,10,7,0
96,6.81,28,14,5,14,9.72,17,11,2,114,2.8,12,2,1,29,7.9,4,20,8,56,6.84,2,9,7,0
35,6.19,1,11,2,63,4.93,43,11,2,77,4.66,18,20,8,119,3.45,24,0,7,70,9.37,45,13,4,0
54,7.54,30,12,3,51,2.19,36,12,5,89,4.16,50,10,4,78,7.52,30,17,5,57,3.56,36,4,2,2
11,2.47,11,15,6,68,3.87,22,0,2,103,7.9,10,16,8,48,1.27,7,1,8,33,2.3,10,16,2,0
35,8.89,6,5,3,39,1.01,39,6,2,105,2.48,7,3,9,105,3.7,6,0,9,109,8.35,43,8,2,0
90,7.23,30,15,7,43,1.47,18,5,1,50,1.48,2,6,10,79,7.36,0,20,10,52,9.98,13,16,10,0
119,1.1,23,14,5,28,9.85,27,3,10,78,5.68,42,13,10,91,2.15,21,10,3,33,1.42,15,2,2,0
103,3.47,18,4,9,60,8.15,7,11,1,110,3.24,23,0,6,80,9.25,37,13,1,76,4.52,36,9,3,0
77,1.93,15,0,7,72,7.93,11,18,6,21,6.52,4,3,4,105,2.59,32,14,8,42,6.3,35,2,5,0
111,3.11,12,8,10,91,8.57,32,0,4,16,2.73,21,8,7,85,5.83,46,1,3,75,3.37,29,0,8,0
118,4.04,33,7,7,35,7.8,5,10,7,44,7.29,30,0,5,54,1.05,26,5,8,40,9.36,3,15,10,0
70,1.97,32,17,9,104,4.09,14,17,10,46,1.11,27,8,10,105,5.39,21,3,10,72,2.92,25,17,10,0
12,8.6,17,13,4,54,4.83,12,1,4,95,4.61,27,0,9,45,2.23,10,14,7,103,7.54,10,18,9,0
51,8.6,8,8,9,59,5.23,9,20,9,18,3.16,14,9,9,72,2.89,18,2,3,79,5.27,18,20,3,0
82,5.49,17,11,3,83,2.33,3,20,6,117,5.03,47,1,10,74,8.36,10,5,6,113,7.19,38,3,4,0
20,8.86,28,20,4,101,7.9,15,17,8,51,3.04,19,16,10,67,8.02,26,12,3,23,7.1,16,5,4,0
61,3.63,50,1,4,39,1.57,50,4,8,51,5.63,3,16,7,102,1.05,29,2,1,115,5.02,20,14,3,2
55,3.28,26,8,6,111,7.27,1,16,1,116,1.32,18,3,10,58,5.12,27,20,9,67,4.03,8,3,8,0
73,9.85,28,5,8,10,6.35,18,8,6,60,3.81,32,4,5,49,7.61,47,6,4,78,3.24,9,13,9,0
48,1.34,12,12,1,25,5.17,44,0,6,49,1.14,11,10,4,93,7.51,14,2,9,98,1.37,5,20,10,0
108,7.6,18,6,5,38,4.77,34,7,1,79,7.67,40,12,1,92,5.06,31,15,7,34,8.32,19,3,9,0
41,3.64,39,0,10,103,8.9,0,9,1,49,2.14,37,5,6,81,8.4,26,7,6,119,5.15,43,6,4,0
62,9.46,2,5,9,76,5.14,14,7,1,117,6.56,27,17,3,87,1.23,34,19,5,110,7.37,4,15,1,0
82,2.64,25,0,10,114,2.71,5,10,8,19,1.39,8,16,7,104,8.01,18,18,8,60,7.24,4,13,8,0
116,2.37,38,17,4,114,4.18,33,6,7,80,4.5,24,4,8,28,1.04,8,10,10,95,2.42,20,8,5,0
79,8.79,5,0,2,85,1.42,39,16,4,88,7.0,34,7,10,28,5.26,17,17,3,78,3.54,4,20,4,0
98,3.57,42,17,10,105,8.7,24,2,1,84,5.69,7,7,9,92,3.97,24,8,6,58,5.11,19,1,4,0
33,9.37,23,12,7,86,4.69,20,15,1,36,5.34,6,6,4,47,9.7,17,14,1,70,2.31,0,8,10,0
104,9.18,28,18,5,16,4.21,7,9,5,27,1.99,24,9,6,67,4.0,46,13,10,116,8.2,26,3,10,0
89,8.42,27,3,8,119,2.02,20,20,7,51,5.86,37,16,7,49,5.98,45,5,8,94,8.79,47,6,6,2
110,8.46,49,7,8,98,8.06,27,11,9,62,3.44,1,12,6,39,9.2,44,16,10,67,5.53,20,1,5,0
44,9.18,37,15,3,102,2.16,50,0,1,32,6.54,34,18,3,23,7.11,36,0,9,113,7.35,38,12,2,2
13,3.7,4,8,3,50,6.49,2,12,5,104,2.05,20,5,10,30,7.76,18,0,3,34,8.76,15,0,4,0
14,8.67,35,20,7,22,3.03,23,5,8,71,4.44,41,3,8,68,3.47,11,17,2,88,3.51,3,11,5,0
120,4.78,4,6,7,94,5.19,41,13,1,109,9.71,32,12,4,23,9.85,30,12,2,62,6.52,38,16,8,1
87,3.45,43,1,10,11,9.22,43,18,1,63,4.36,33,16,8,94,3.71,50,10,3,42,3.96,29,9,10,2
104,8.07,34,6,2,44,9.71,0,4,2,95,2.65,35,16,6,19,3.38,19,12,1,62,5.34,18,8,7,0
75,4.87,37,9,2,115,1.29,29,3,3,67,6.7,33,16,8,78,8.56,8,12,7,93,6.97,9,8,10,0
92,6.57,10,6,8,71,9.71,20,18,7,65,1.92,22,11,10,30,5.1,16,10,8,49,8.68,8,16,6,0
20,9.14,33,5,2,79,8.97,18,16,6,62,9.37,41,20,5,57,7.39,19,12,8,13,3.69,9,3,5,1
27,7.35,20,2,9,25,6.34,23,20,5,104,3.15,13,5,9,104,9.93,23,1,9,32,5.42,16,7,2,0
25,8.01,48,9,9,85,2.27,41,16,4,55,3.92,39,1,10,67,9.43,25,5,1,72,3.41,41,10,3,2
28,4.3,32,13,1,111,3.82,21,0,9,80,7.92,24,5,6,60,2.25,21,9,10,62,1.13,16,15,2,0
47,8.28,18,4,8,87,9.39,3,19,1,85,4.2,39,8,5,60,7.29,14,6,6,35,4.99,29,6,2,0
11,9.47,25,12,4,29,9.64,8,6,1,21,9.14,16,19,5,66,7.23,1,16,1,14,8.88,49,9,5,1
39,8.34,49,14,7,70,9.67,17,12,8,87,3.39,12,14,2,98,8.95,26,15,7,54,8.76,44,15,7,1
104,7.13,39,15,7,102,9.73,26,5,7,53,8.26,35,4,9,90,1.24,33,5,2,83,3.3,41,13,6,2
85,5.34,23,13,9,71,9.37,13,5,6,12,3.16,38,14,3,12,8.01,6,5,3,48,5.2,12,15,2,0
88,6.74,19,11,10,91,8.11,48,11,4,18,8.65,44,18,1,41,4.12,5,16,5,114,1.82,3,4,6,0
95,8.78,14,20,4,39,7.53,18,15,1,96,7.97,50,5,4,30,4.49,19,18,5,109,5.11,34,5,8,0
25,7.3,37,6,3,15,1.06,27,18,1,57,3.45,13,15,5,113,4.58,17,10,7,19,6.91,20,1,1,0
44,6.2,6,4,5,18,4.45,30,2,1,96,1.54,26,20,6,88,9.6,42,1,7,84,8.95,4,20,5,0
80,9.75,19,19,8,112,6.26,3,13,3,97,4.96,39,5,3,11,3.05,33,9,2,35,6.67,48,18,2,0
59,3.46,31,1,8,116,1.28,50,8,4,88,5.92,33,13,1,42,4.94,19,13,1,76,5.85,19,18,5,2
19,7.85,8,13,8,74,6.55,30,9,7,66,8.5,48,17,2,46,1.01,33,6,1,40,5.53,36,17,6,2
21,5.79,8,2,6,39,3.09,43,3,4,33,2.01,18,11,1,46,1.83,23,12,8,20,5.74,0,10,6,0
109,7.02,44,0,8,117,1.98,16,14,9,112,3.09,9,7,3,118,3.02,24,1,5,38,3.4,36,3,5,0
112,9.85,36,4,10,97,2.51,10,19,7,73,7.29,14,8,7,106,9.67,27,3,5,73,7.23,47,10,3,1
33,7.98,25,0,3,102,7.24,1,12,7,118,1.68,21,4,6,44,9.02,13,20,6,59,9.85,41,12,1,1
16,5.03,46,7,4,60,4.83,5,19,10,52,7.34,4,1,2,77,1.78,38,20,3,17,3.63,8,13,8,0
72,3.32,3,6,5,17,3.22,50,19,10,97,7.27,10,4,8,65,3.83,20,12,10,11,6.91,39,16,5,0
55,1.21,27,3,4,104,7.78,43,2,4,28,8.48,17,10,9,36,6.04,3,7,8,111,2.1,3,2,7,0
85,1.38,13,11,5,86,2.17,28,2,10,45,3.71,25,16,4,34,6.24,42,11,8,63,9.11,14,13,8,0
51,5.48,29,6,3,65,4.65,1,8,8,32,9.8,42,16,8,111,9.47,28,3,4,43,5.66,7,10,3,1
114,6.46,26,3,4,60,1.36,49,13,10,104,5.65,27,2,2,45,8.55,4,10,8,119,4.59,41,8,7,0
94,8.16,33,4,9,72,3.37,16,16,1,92,6.03,33,8,6,34,9.27,18,1,2,115,9.24,31,13,6,1
115,3.42,48,12,7,33,1.27,14,11,1,105,6.08,20,2,7,51,6.39,36,19,5,86,3.9,33,9,9,2
60,9.53,37,18,9,117,5.74,20,9,6,44,5.13,29,1,3,104,3.95,37,11,5,78,7.93,21,19,9,0
83,7.67,5,13,6,58,8.24,39,13,6,71,3.34,4,4,3,76,1.08,10,15,5,15,2.55,26,13,7,0
16,7.8,35,6,2,16,9.88,38,20,8,120,5.12,2,0,8,64,9.25,5,13,5,103,5.05,12,19,8,1
33,7.19,47,15,5,32,9.82,36,6,7,15,5.99,28,10,2,44,5.36,7,11,7,29,8.51,47,15,10,1
28,3.1,2,11,8,17,7.57,11,7,8,85,2.03,15,10,2,83,2.46,24,15,5,112,8.79,19,20,10,0
58,8.57,19,10,5,110,8.26,45,14,9,98,8.14,32,9,2,50,4.72,42,14,2,104,2.14,14,15,1,2
55,1.78,31,9,5,101,7.77,5,20,9,84,8.18,35,14,7,77,4.88,21,14,7,77,9.79,9,5,1,0
71,6.77,39,16,9,113,3.85,5,16,3,120,2.05,47,19,6,18,8.21,12,11,1,84,8.12,12,12,1,0
76,2.05,49,15,3,59,7.63,28,18,10,60,7.39,24,7,4,71,3.72,1,11,9,80,8.54,41,18,3,0
114,9.61,37,18,2,109,8.93,15,17,8,32,8.53,22,15,2,88,4.27,4,4,6,82,7.8,4,2,10,1
15,9.65,13,8,3,113,8.61,40,17,1,114,3.13,40,4,9,60,9.2,22,7,10,77,3.68,24,3,7,0
88,4.55,25,18,4,105,9.0,10,3,5,16,5.73,25,8,8,88,4.69,34,16,7,23,7.63,49,17,8,0
73,3.8,32,10,2,37,5.1,47,8,6,66,3.28,15,10,7,22,3.72,12,15,4,40,8.81,19,15,1,0
19,5.61,3,8,4,120,4.33,35,12,4,100,7.52,49,15,4,87,6.49,5,7,3,21,1.59,31,1,9,0
109,9.02,15,8,1,60,9.74,9,20,6,80,7.16,0,16,8,50,3.81,39,13,1,60,5.56,39,6,3,1
58,7.35,21,5,9,26,8.15,36,6,1,73,9.2,50,7,9,105,9.08,42,6,9,21,2.27,47,17,5,1
87,8.08,23,13,3,22,5.91,44,19,7,25,2.21,5,8,2,91,9.41,0,8,1,86,2.07,39,6,5,0
60,5.36,44,0,9,27,1.13,9,6,8,103,4.79,30,7,7,120,3.58,35,17,3,50,8.13,8,17,6,0
42,8.01,23,7,9,118,7.24,37,6,5,115,9.07,32,8,4,79,6.59,25,17,7,27,4.49,23,0,10,1
18,8.72,44,9,9,31,7.09,42,12,8,22,4.52,31,19,3,12,4.99,25,20,9,26,8.52,10,9,1,2
44,3.98,19,4,4,119,3.19,16,8,6,65,7.13,11,18,6,36,5.86,41,19,3,116,5.04,49,1,3,0
44,7.56,11,2,7,96,5.58,49,5,1,70,2.14,13,12,10,56,8.51,40,19,5,71,7.45,9,2,8,0
41,8.42,7,6,6,115,1.56,32,5,4,46,2.86,30,13,5,35,8.76,18,6,8,84,6.05,10,18,1,0
34,5.91,25,14,3,35,3.91,31,5,2,47,2.53,5,16,4,15,3.46,27,17,5,40,8.22,21,9,10,0
34,1.96,37,17,9,28,6.13,19,12,10,76,4.94,16,12,3,23,2.46,8,8,5,63,3.79,22,11,4,0
11,4.25,34,10,6,10,4.65,0,12,3,70,5.83,38,14,1,34,1.17,12,15,8,12,9.37,7,15,2,0
114,3.94,38,20,6,86,2.35,24,3,1,53,9.05,16,6,9,57,4.89,9,14,2,18,9.33,23,2,2,0
21,1.05,26,18,9,92,9.16,18,5,2,116,3.64,11,18,4,71,6.45,22,7,4,61,8.44,36,6,8,0
113,2.48,32,7,7,39,8.97,33,2,7,42,3.95,47,0,4,45,8.95,3,9,3,44,6.63,25,16,3,0
26,2.43,39,4,4,75,4.58,44,9,7,78,9.3,24,12,10,45,5.06,17,18,4,99,2.34,27,2,6,2
64,5.74,22,7,5,41,3.78,1,1,3,16,7.5,37,1,5,80,4.9,2,2,2,76,1.62,20,1,7,0
83,4.71,16,11,3,75,6.85,18,20,9,64,1.25,20,18,10,80,1.67,6,6,1,34,5.93,41,2,3,0
15,9.08,31,8,7,81,3.56,39,10,9,62,9.36,9,20,3,106,7.22,41,14,5,31,5.07,38,10,7,2
40,8.29,49,1,2,92,2.52,33,3,9,32,3.31,20,3,7,20,3.33,0,3,4,100,9.84,2,4,3,0
48,4.19,11,10,5,53,1.75,18,5,10,14,1.6,30,13,8,38,7.22,30,16,1,36,1.15,15,12,3,0
115,1.46,0,3,8,42,8.69,24,17,1,38,8.0,3,16,3,106,5.8,10,17,8,85,3.38,23,14,2,0
88,5.33,23,16,9,87,3.44,33,5,3,12,6.48,39,8,6,84,5.2,22,18,10,24,4.54,33,18,7,0
40,5.03,35,13,1,35,3.47,31,6,9,70,3.98,24,1,9,38,5.71,37,9,1,80,6.67,24,17,9,2
86,8.05,23,9,6,113,6.28,49,15,2,24,7.25,11,6,7,30,1.0,5,11,8,52,7.05,47,20,7,0
72,7.37,40,7,7,104,1.26,41,7,9,71,8.3,31,8,8,97,8.43,42,7,8,75,1.07,46,16,4,2
69,7.99,44,20,6,25,9.53,21,2,6,56,2.09,30,15,1,102,1.09,8,13,5,112,2.77,49,17,1,2
31,3.19,14,3,5,41,3.09,17,18,6,55,6.97,27,14,6,112,1.99,10,1,10,14,9.82,39,10,10,0
65,1.89,11,18,4,77,1.64,0,4,3,106,2.91,36,1,1,82,5.53,23,1,6,97,6.31,20,20,9,0
12,3.5,6,18,1,67,2.59,34,5,4,61,1.62,39,18,7,11,3.24,8,3,8,73,7.16,31,13,3,0
111,8.67,32,10,3,73,8.51,30,0,10,72,4.71,19,7,9,39,4.65,36,20,5,112,9.29,38,19,10,1
52,7.05,16,1,5,19,5.17,25,9,8,113,7.1,11,6,1,34,6.23,31,20,6,32,9.41,20,2,7,0
14,5.89,6,12,9,69,3.1,6,4,9,89,9.77,33,15,5,58,9.06,13,18,10,67,5.76,7,3,10,0
41,3.62,41,17,6,27,9.02,46,18,1,114,3.31,10,5,5,39,7.25,20,11,1,49,9.12,24,12,6,0
24,8.06,26,20,4,71,1.67,14,6,5,88,4.9,37,2,6,68,8.89,20,18,9,48,6.78,49,2,2,0
18,9.82,41,3,10,31,4.71,39,13,3,77,1.4,48,17,4,89,8.1,5,16,9,43,9.42,27,2,6,2
15,7.9,11,18,2,79,4.45,50,15,6,66,4.22,32,16,7,18,6.78,4,7,1,93,1.15,18,8,4,0
70,1.9,11,6,4,72,5.89,11,2,9,106,2.12,2,12,6,50,2.05,26,10,1,84,7.95,24,14,2,0
112,8.99,15,4,10,90,5.27,20,3,9,32,2.09,24,7,3,17,1.88,34,1,2,90,6.36,33,7,8,0
115,2.37,2,13,8,91,6.98,42,9,7,38,8.36,25,7,10,13,3.35,46,2,3,27,8.4,29,18,4,0
112,5.17,12,16,1,68,3.51,11,18,5,27,2.06,7,14,6,56,1.37,16,16,8,91,6.02,40,0,5,0
21,8.94,19,3,4,68,9.96,37,19,7,49,1.33,8,7,10,41,8.09,2,2,8,53,7.76,7,16,3,1
113,4.32,14,10,6,60,6.31,43,0,3,76,3.78,28,20,5,108,9.43,45,13,1,21,2.09,19,11,4,0
94,8.35,4,7,10,78,1.55,30,13,6,56,2.74,9,5,10,90,1.58,17,14,9,84,2.21,6,7,1,0
40,3.88,36,16,3,113,2.84,44,9,8,94,2.62,12,0,3,112,2.81,28,8,7,51,6.21,38,12,6,2
97,1.53,44,19,4,88,3.55,26,19,4,73,9.1,28,5,9,50,3.39,23,16,8,38,4.04,34,8,4,2
108,2.19,46,1,4,78,9.74,43,2,2,63,1.82,50,3,2,16,4.51,10,2,6,118,2.02,9,8,6,2
119,6.76,46,12,7,85,6.99,29,2,4,66,7.92,26,20,8,99,8.93,5,9,2,92,6.66,33,11,4,1
107,2.48,0,1,4,76,5.26,34,12,3,74,4.13,25,9,4,23,7.64,30,7,10,80,3.4,28,11,3,0
110,1.35,4,6,10,77,1.18,49,11,10,22,7.53,4,11,9,32,2.08,43,5,1,76,7.01,25,15,6,0
10,7.34,31,12,9,100,6.54,26,13,1,18,5.02,37,9,2,33,7.65,15,4,2,64,9.16,6,6,9,1
71,9.49,24,17,1,52,9.0,37,19,3,28,1.54,44,4,10,65,6.68,23,16,3,74,3.96,22,13,2,0
27,7.71,30,9,1,10,8.47,26,13,9,84,8.56,44,2,5,102,2.76,34,7,7,42,2.41,29,17,8,2
91,3.55,46,16,6,116,2.51,33,17,6,46,8.19,14,8,7,57,9.1,27,0,5,12,5.65,8,3,2,0
12,4.92,26,2,7,59,4.08,1,19,3,93,7.9,34,20,6,85,9.7,11,5,5,88,4.3,33,5,10,0
25,2.75,37,16,1,102,2.02,25,2,6,90,4.12,3,10,7,65,5.25,45,20,1,17,5.06,27,19,4,0
96,4.7,16,8,1,61,3.77,28,18,6,70,5.07,25,10,1,10,8.96,27,19,5,25,6.51,11,1,9,0
44,6.72,42,2,4,101,3.18,3,1,6,105,3.15,45,5,4,72,1.98,11,20,6,91,9.48,7,19,10,0
45,7.4,19,14,3,119,8.78,39,0,2,26,4.2,4,8,2,77,8.01,27,7,5,69,6.93,13,14,5,1
71,5.88,24,3,4,110,8.22,18,2,9,68,1.1,8,1,5,41,8.64,26,3,4,21,4.63,18,20,4,0
72,5.26,21,14,8,108,8.68,21,15,4,108,7.37,48,20,9,49,2.48,10,8,2,81,2.84,27,11,8,0
29,8.42,6,3,6,32,8.58,2,16,2,49,2.73,7,18,7,73,1.05,36,4,5,74,3.17,17,16,1,0
86,7.08,40,9,9,115,2.37,35,1,4,36,8.85,24,4,3,109,9.4,25,2,9,19,2.94,34,18,3,2
45,2.0,15,10,10,70,1.07,24,6,9,50,1.21,19,3,3,13,4.23,21,4,7,119,2.45,46,15,7,0
15,6.26,24,12,2,68,4.76,5,12,5,44,3.69,18,2,5,93,6.8,34,7,4,64,9.6,19,1,6,0
43,4.78,38,11,2,22,2.99,33,2,8,18,4.82,28,15,5,18,4.04,29,13,1,102,1.94,0,8,3,0
12,1.1,17,15,6,86,9.22,19,4,10,102,8.67,8,19,10,82,8.18,36,14,3,83,4.17,32,3,7,0
21,6.36,27,18,1,36,7.34,37,14,6,95,8.7,8,11,4,43,9.76,50,19,6,46,3.88,34,15,1,1
35,4.16,19,19,5,12,2.71,44,18,3,63,3.01,20,19,10,80,8.77,13,20,4,15,2.04,40,13,10,0
118,7.48,25,11,3,51,3.97,48,9,1,59,2.1,7,8,1,50,8.29,21,0,10,93,9.55,29,17,7,0
10,7.55,0,4,10,33,8.37,9,2,6,58,9.36,37,19,5,70,6.01,31,8,1,109,9.67,27,7,4,1
92,1.05,33,20,3,14,3.02,50,13,4,118,6.36,12,1,3,35,6.22,35,5,5,53,4.82,17,4,7,0
83,3.26,5,7,2,51,8.22,2,13,8,39,6.72,11,10,6,78,4.33,39,0,7,85,8.02,29,12,2,0
51,5.49,14,7,4,13,8.19,44,7,6,115,3.27,23,5,5,82,9.11,11,20,5,77,4.41,25,13,7,0
94,9.17,45,6,8,45,8.59,3,12,7,15,5.46,43,16,3,69,3.69,36,19,4,98,3.63,15,7,5,0
119,9.08,1,18,2,12,7.87,39,15,2,112,2.73,12,9,6,67,9.32,31,3,9,40,7.08,13,17,6,1
67,1.35,45,4,10,10,6.6,35,2,10,72,8.61,22,1,2,37,5.76,43,17,2,40,3.15,11,15,2,2
116,9.46,41,12,6,57,4.17,28,9,1,36,6.32,24,16,3,43,5.82,39,8,4,112,7.09,39,17,2,2
48,9.45,47,11,6,29,1.81,25,14,1,51,7.01,27,4,1,19,8.97,32,3,4,42,8.84,49,2,7,1
59,1.05,12,10,2,109,6.63,6,18,1,43,4.3,14,20,2,35,1.48,20,2,6,90,5.95,17,7,6,0
74,1.41,4,0,6,52,7.37,36,1,3,64,9.38,46,3,4,78,5.09,16,10,7,35,7.52,31,1,3,0
45,8.73,25,14,3,119,3.91,48,10,2,45,2.09,15,5,8,79,7.68,7,14,9,12,7.96,16,19,6,0
47,9.3,42,3,10,119,4.36,33,0,9,46,2.07,10,1,8,50,1.05,41,17,10,46,4.16,15,8,10,0
19,9.92,16,15,7,11,8.65,30,5,1,82,9.55,37,17,2,39,9.73,17,14,6,53,3.26,38,0,1,1
26,6.14,50,18,1,26,9.54,28,11,9,92,6.86,16,7,6,72,2.74,3,17,8,96,7.22,27,16,1,0
59,6.93,30,6,3,77,9.5,28,3,6,51,6.4,31,9,6,69,5.33,18,10,7,62,5.64,10,6,4,0
87,7.93,32,10,8,114,1.49,12,19,8,24,9.08,48,12,6,56,1.49,29,8,4,78,5.62,39,18,2,2
36,1.43,8,17,8,52,9.58,46,6,10,28,7.03,16,14,6,72,5.69,25,5,4,48,3.0,44,20,8,0
97,2.55,23,20,2,28,4.48,10,13,2,15,8.95,0,18,1,113,2.06,7,6,6,74,6.81,31,1,3,0
53,8.58,5,15,4,89,7.41,43,4,5,72,9.01,42,4,6,31,1.3,12,8,6,68,3.88,16,3,2,0
46,8.48,13,2,3,93,1.86,11,12,3,108,9.51,33,1,1,54,5.41,26,18,8,15,1.4,7,14,3,0
92,4.23,23,19,4,59,1.22,26,16,2,73,8.41,9,1,10,108,6.65,2,3,9,71,9.57,4,14,1,0
94,9.57,29,20,9,85,3.03,27,7,5,81,9.48,36,4,9,96,2.47,40,8,2,36,1.9,25,10,7,2
113,2.63,18,5,6,25,8.55,13,19,6,80,6.09,21,4,10,112,9.49,24,1,1,31,8.22,4,19,2,0
81,5.02,11,18,6,53,5.67,28,5,4,47,6.03,22,12,4,94,8.23,6,6,1,78,6.07,26,7,3,0
64,1.86,4,14,9,73,3.98,12,12,4,71,6.28,0,14,6,12,6.14,9,6,5,105,3.19,25,20,8,0
65,1.15,7,12,5,119,1.31,46,8,3,77,3.88,47,17,1,16,4.28,28,11,7,83,1.11,49,8,5,2
33,1.06,41,16,3,103,5.45,37,10,5,54,7.8,28,11,3,105,1.8,11,13,2,79,8.76,44,4,7,2
111,1.62,13,11,5,35,2.48,11,13,6,38,6.38,1,11,8,66,6.66,48,4,5,65,5.14,12,10,10,0
34,6.45,50,5,10,26,6.55,19,17,5,18,3.72,1,16,7,91,8.93,21,6,6,29,8.25,42,2,7,0
110,3.97,23,16,1,108,1.09,42,5,6,114,2.12,42,13,1,31,4.23,21,12,3,67,9.77,20,3,6,0
105,9.54,4,20,2,106,1.24,31,3,7,109,7.35,26,9,7,31,1.54,22,11,9,20,3.88,31,13,2,0
49,2.56,12,7,4,85,8.63,25,9,4,104,9.42,5,0,1,63,2.37,9,8,3,51,8.5,23,1,4,0
74,6.61,12,6,6,30,5.8,48,19,10,65,6.62,10,5,4,73,3.07,50,13,9,94,4.41,47,3,2,2
28,4.23,37,3,9,49,1.23,17,6,10,21,9.6,6,4,4,111,7.88,49,1,7,62,4.68,20,1,10,0
47,1.29,3,2,3,32,4.59,26,12,2,81,9.25,49,12,9,12,4.18,10,9,2,59,5.85,39,13,3,0
64,7.94,17,16,7,91,5.13,18,9,4,74,2.17,34,8,2,65,2.18,5,19,6,86,8.54,21,20,1,0
19,7.7,45,14,9,21,6.09,14,5,7,49,6.11,15,0,4,55,6.63,11,2,5,110,9.56,3,7,3,1
30,5.78,37,20,6,112,2.69,20,2,5,71,4.61,46,12,1,28,1.98,33,2,9,27,2.37,16,9,5,2
70,7.06,50,11,9,102,5.58,6,12,3,17,1.5,42,5,10,30,8.3,21,14,6,17,8.17,6,8,7,0
58,9.58,32,19,9,42,5.49,7,3,4,86,2.6,8,11,5,87,5.88,37,7,10,92,4.15,41,16,8,0
104,9.33,34,15,1,66,9.1,5,11,2,18,4.29,21,5,9,72,3.37,32,3,9,72,9.07,41,18,2,1
62,4.37,48,7,5,75,7.42,41,11,10,36,4.2,38,6,7,46,9.89,25,18,7,69,9.43,27,4,7,1
34,3.35,17,19,10,66,4.19,32,8,1,96,3.38,48,6,4,54,3.96,33,18,3,25,2.09,12,19,2,0
28,5.65,7,10,1,74,2.13,15,8,5,95,3.47,19,4,9,115,5.23,28,10,8,26,5.98,46,12,9,0
25,7.99,48,9,5,86,6.57,48,8,9,90,2.43,30,14,8,39,8.73,2,20,4,36,2.51,48,16,1,2
62,1.11,26,13,4,83,7.59,4,18,3,64,6.21,9,4,2,77,5.87,7,9,10,38,3.49,49,5,4,0
14,8.82,13,6,10,24,4.8,40,3,1,113,5.53,14,5,7,97,5.41,9,15,7,19,2.09,36,11,1,0
73,9.48,32,0,1,23,8.73,19,3,2,90,2.61,28,6,4,43,9.58,29,18,7,45,2.81,13,3,1,0
83,8.26,12,18,10,59,7.08,36,7,3,49,6.18,16,4,8,39,3.75,16,12,1,97,8.08,26,5,9,0
79,4.14,29,9,10,51,8.78,44,19,6,56,9.45,24,12,1,54,5.04,49,14,8,92,3.36,38,19,4,2
14,5.32,48,4,3,70,6.75,32,4,10,117,8.71,47,20,10,51,8.89,18,13,5,89,2.76,11,15,5,2
35,3.15,35,6,3,59,6.85,10,16,5,101,4.93,4,13,9,109,8.92,27,7,2,41,3.15,3,18,6,0
66,9.82,38,17,1,39,7.64,29,3,8,104,8.73,49,4,7,51,6.46,37,11,6,30,4.27,45,17,4,1
111,7.26,9,5,4,32,8.87,11,14,10,23,5.03,16,0,10,34,1.22,40,3,7,87,4.44,21,4,3,0
30,8.76,36,9,5,19,2.25,39,4,3,39,3.49,7,5,9,13,1.61,40,9,3,40,3.4,23,5,9,0
86,4.94,23,1,6,97,2.13,29,14,2,35,5.65,45,0,3,110,7.12,34,13,9,47,1.48,30,12,10,2
71,3.19,5,13,6,39,1.22,47,11,4,93,7.1,43,11,2,86,4.4,40,18,10,76,2.98,11,14,6,0
90,1.63,22,4,6,104,2.22,5,17,5,51,8.68,22,9,1,68,8.31,31,4,9,106,9.31,12,7,1,0
97,4.0,11,7,1,74,8.57,47,19,1,95,3.53,0,6,10,83,5.72,3,5,1,47,7.47,6,18,6,0
47,2.04,20,1,9,54,5.4,4,9,9,80,9.84,14,19,6,28,8.92,19,3,5,36,4.38,28,20,9,0
31,6.22,14,0,7,80,6.79,49,14,8,119,3.47,50,10,3,85,7.76,38,12,5,30,5.05,26,0,10,2
64,6.89,0,16,6,86,9.2,24,14,4,40,8.84,15,3,4,87,5.05,33,20,10,53,8.32,49,18,10,1
70,6.13,44,11,5,19,1.92,19,1,7,113,4.02,31,16,6,109,1.78,20,16,7,13,8.68,48,20,7,2
34,2.31,38,17,4,86,7.05,46,11,5,90,7.49,3,3,1,111,9.49,4,20,8,80,8.43,35,5,6,0
45,6.07,26,15,1,67,6.76,3,8,7,78,5.61,46,6,1,115,2.1,43,20,1,119,5.21,18,15,3,0
108,6.89,43,5,7,46,1.58,9,19,2,59,6.09,41,9,10,97,3.18,44,3,3,103,5.11,50,14,10,2
65,2.72,25,17,1,75,4.7,38,11,9,67,1.45,18,2,6,82,9.4,31,7,8,68,2.17,11,13,10,0
112,7.48,36,4,3,120,6.67,31,19,3,48,7.06,48,16,3,94,8.18,10,1,4,61,2.35,21,16,6,0
113,1.49,33,10,6,23,3.5,16,11,6,62,9.96,8,15,10,33,5.48,3,16,1,51,2.75,19,13,5,0
52,3.18,47,3,10,52,1.59,16,1,4,68,1.4,32,0,8,61,5.43,41,8,3,59,4.4,0,17,1,0
84,6.72,18,20,3,106,5.09,11,16,9,15,6.14,31,9,1,50,3.59,35,2,7,37,6.85,21,6,6,0
31,8.22,15,14,1,103,8.6,39,11,6,84,6.75,9,17,3,80,3.48,21,4,9,65,2.49,20,7,4,0
115,9.47,14,14,1,62,4.03,17,8,1,106,6.12,28,9,10,68,9.66,19,12,8,15,2.69,47,5,2,0
58,5.34,23,8,8,91,7.22,13,3,5,114,5.48,39,0,7,92,3.57,50,1,4,64,9.7,28,8,2,2
39,4.54,50,12,4,13,3.74,20,14,5,25,3.41,47,4,6,83,9.0,12,9,1,21,2.74,8,14,10,0
94,3.01,15,10,8,46,8.94,0,20,2,63,5.58,5,5,3,39,8.26,45,9,10,108,8.27,40,13,10,0
76,8.47,29,3,10,107,3.22,41,10,8,44,7.23,7,17,2,29,7.39,26,0,10,25,1.77,34,11,10,0
18,7.77,0,2,4,30,7.98,31,7,10,30,8.86,33,1,6,36,8.11,47,15,8,108,1.16,6,12,3,0
36,8.47,45,18,2,97,6.46,34,13,5,28,4.29,1,20,1,64,9.2,36,14,5,23,5.31,3,9,4,0
84,6.65,41,15,8,54,1.44,5,11,7,61,6.58,23,9,8,60,7.47,15,20,10,45,8.0,34,14,3,0
113,5.75,11,2,9,69,1.63,7,19,4,43,9.89,14,0,7,95,9.74,28,5,5,59,9.63,29,8,9,1
46,1.81,29,15,1,33,7.99,10,17,7,87,8.49,47,16,5,84,5.91,13,19,8,48,3.74,5,19,4,0
59,6.79,34,7,1,77,9.76,48,1,7,104,2.31,0,6,9,79,1.83,24,15,8,28,4.44,48,5,10,2
33,8.66,10,6,8,64,6.01,32,14,3,40,9.16,16,6,10,87,9.57,34,0,1,26,5.84,39,14,1,1
36,5.37,9,7,1,103,4.1,37,1,2,47,4.06,28,3,1,52,5.07,20,0,9,91,1.5,41,15,9,0
95,3.29,26,7,10,12,2.58,17,20,3,16,7.28,12,12,1,88,5.86,7,7,1,18,1.85,41,10,5,0
92,9.11,8,1,1,86,6.92,49,4,2,98,3.67,24,16,1,89,2.49,17,19,9,86,4.26,43,8,3,0
40,9.03,14,18,1,103,7.93,4,16,6,57,4.44,9,13,7,96,7.74,19,11,3,21,8.24,25,13,4,1
108,5.7,16,18,1,24,9.47,32,4,7,16,1.0,11,5,4,103,4.22,46,3,2,72,6.6,44,13,4,0
100,3.59,21,18,8,111,2.88,8,15,5,80,8.62,25,10,2,87,8.4,9,3,9,75,7.24,46,20,3,0
112,8.17,25,2,2,77,7.84,19,9,8,115,4.53,33,10,4,55,9.09,34,11,7,22,8.09,20,18,10,1
73,1.56,21,10,5,37,1.59,41,9,1,66,8.78,27,1,4,68,7.38,20,11,5,29,6.17,1,17,4,0
28,2.1,12,6,1,13,8.02,9,13,6,12,6.72,33,20,4,79,9.64,16,18,7,117,6.71,27,2,5,0
35,9.26,49,17,6,96,5.82,47,13,6,95,7.09,40,17,1,45,1.49,46,0,4,20,8.88,2,17,5,2
88,7.38,3,14,9,15,2.93,4,16,8,49,7.9,27,9,4,41,7.85,42,15,7,38,9.37,25,3,8,1
109,8.48,14,19,10,78,4.07,36,10,1,98,7.6,41,13,10,59,1.07,48,20,9,84,3.86,29,12,2,2
56,1.89,45,6,5,96,3.57,1,0,10,113,1.1,43,16,1,38,6.21,16,4,3,56,3.81,31,3,1,0
17,2.98,31,10,8,23,2.1,13,12,10,65,8.61,11,2,9,97,1.72,36,2,1,23,7.51,14,15,4,0
37,5.31,34,1,2,86,5.45,21,16,5,30,1.53,18,11,3,42,3.92,1,9,9,49,6.12,33,6,6,0
85,1.1,27,5,4,44,6.22,39,20,9,23,5.64,0,0,7,114,8.75,11,6,7,58,7.07,15,1,2,0
103,6.77,20,15,2,100,1.49,28,18,8,120,3.14,11,7,8,53,6.51,34,15,2,44,1.23,6,6,10,0
83,7.56,13,7,7,107,3.81,27,12,4,79,8.91,31,10,9,10,9.36,15,0,9,55,9.48,31,11,4,1
106,5.03,3,0,9,20,3.14,16,9,4,53,7.78,43,2,5,86,3.51,50,0,3,71,6.05,0,14,7,0
43,8.45,17,7,5,108,9.85,50,8,8,27,8.59,43,8,5,106,3.11,8,7,6,84,9.83,23,15,5,1
28,9.58,17,12,4,64,3.53,13,13,9,108,1.95,48,9,5,43,6.21,4,18,3,97,5.47,43,19,1,0
24,1.73,23,2,9,78,7.91,13,8,7,117,3.25,41,7,1,67,4.37,8,19,10,116,1.28,17,18,9,0
96,5.63,5,2,5,89,3.58,24,6,9,50,3.22,8,18,1,53,4.76,7,11,5,31,1.27,9,0,6,0
75,9.95,45,14,3,45,8.57,47,14,7,18,9.46,49,7,7,50,3.94,25,6,1,74,4.65,6,2,6,1
110,2.5,32,11,8,76,9.18,47,17,2,112,7.46,35,2,10,48,9.17,7,3,3,91,1.27,20,11,9,0
12,2.58,3,19,3,105,6.02,40,18,3,92,8.7,46,13,8,45,2.28,45,6,6,42,1.51,37,4,3,2
39,4.47,35,0,7,55,8.47,46,3,5,19,8.85,38,4,1,110,9.58,20,10,8,97,4.04,16,10,10,1
34,5.67,16,15,10,24,8.67,31,6,4,47,8.35,16,11,2,83,4.21,47,19,9,57,2.93,29,19,7,0
104,6.61,24,9,3,115,4.78,37,15,9,104,5.28,35,11,1,94,9.83,4,14,1,10,3.72,26,16,3,0
41,5.29,43,17,7,112,2.17,13,4,10,117,4.45,33,5,9,99,7.47,1,1,8,101,3.81,15,8,4,0
28,8.5,6,0,5,109,3.06,29,6,10,111,8.67,49,16,9,94,2.8,26,16,10,89,1.59,20,4,5,0
103,1.08,0,3,5,107,4.13,39,4,2,45,8.41,24,20,2,33,9.58,14,3,2,87,4.1,22,19,7,0
85,5.16,7,16,7,15,8.18,10,12,4,16,3.38,50,15,3,110,4.36,12,16,3,114,8.69,38,9,10,0
44,1.68,29,18,5,79,1.83,8,8,8,91,6.17,42,11,10,106,7.07,8,18,9,49,4.12,10,3,4,0
112,3.05,49,11,3,16,1.24,2,18,4,28,8.1,32,15,5,12,3.08,34,19,6,70,1.91,4,1,7,0
103,6.69,50,3,2,28,6.64,11,18,4,75,2.68,3,12,3,29,9.49,48,19,2,13,6.95,4,20,3,0
76,4.07,34,18,1,92,3.68,22,3,1,18,3.08,20,8,3,72,3.11,43,3,4,38,7.52,26,12,9,0
103,6.36,17,9,2,49,2.02,17,17,9,28,7.67,1,10,8,50,5.52,3,16,6,96,5.46,18,8,10,0
112,9.51,43,2,3,30,9.67,17,20,2,101,8.87,21,3,7,66,9.99,49,2,8,12,2.17,36,16,1,1
22,5.23,38,17,5,23,2.86,37,1,1,61,1.32,46,13,7,15,3.4,12,8,7,27,4.07,38,14,1,2
44,2.29,17,9,6,112,5.69,12,12,1,29,6.36,10,16,4,43,4.99,1,11,6,10,8.16,14,12,3,0
58,6.43,6,9,2,103,1.32,32,13,6,44,3.92,48,3,1,31,5.15,31,0,10,23,5.08,22,13,6,0
24,8.61,49,18,10,51,2.4,40,20,2,13,7.61,14,10,6,42,4.19,6,4,6,66,4.53,49,9,2,2
90,3.84,27,10,7,17,3.25,30,9,1,38,3.32,40,7,7,60,6.27,20,7,6,27,9.61,43,9,4,2
22,9.88,26,13,9,100,6.65,20,10,4,59,2.85,38,9,8,104,9.07,49,9,8,10,5.57,26,9,9,2
63,9.0,39,2,9,11,6.14,0,2,10,65,8.31,30,19,4,92,1.3,9,8,5,40,5.03,46,15,7,0
108,7.07,10,4,6,53,6.18,26,10,9,58,4.78,39,16,7,109,6.05,26,0,3,115,6.9,20,0,5,0
36,1.19,17,16,2,27,1.2,47,12,8,31,3.09,2,1,2,100,5.55,14,16,2,105,4.06,20,10,7,0
101,7.85,14,19,9,18,1.36,40,16,3,89,3.96,38,5,10,85,1.8,15,15,1,112,3.46,40,3,2,0
48,9.49,37,0,5,114,5.27,38,2,6,114,8.36,32,0,10,93,1.24,42,5,6,48,4.46,0,9,10,0
101,6.93,50,1,1,72,4.7,42,6,2,48,7.63,47,4,5,37,3.71,11,19,1,78,6.66,1,19,3,2
66,4.47,6,1,6,49,2.24,49,2,5,73,3.36,19,1,6,47,8.3,5,16,1,73,5.12,27,16,1,0
33,3.36,38,9,8,20,1.83,11,1,2,69,9.35,10,15,1,75,5.21,19,8,10,99,1.95,50,7,2,0
75,2.78,14,20,10,93,7.21,9,11,7,111,2.59,42,17,9,67,7.14,42,12,1,64,1.93,34,6,1,0
23,8.64,41,10,1,11,2.25,7,20,7,96,4.27,37,19,2,53,9.45,34,3,8,59,6.03,17,15,7,0
26,5.25,28,8,4,43,6.37,28,10,1,69,8.66,47,15,3,120,8.02,8,8,10,62,4.43,50,10,10,2
85,2.73,26,3,9,42,9.54,22,12,6,65,4.91,4,12,3,101,7.26,37,0,8,77,5.47,4,13,5,0
110,8.65,7,20,6,35,9.22,37,10,8,120,5.69,8,18,2,119,7.79,32,13,9,40,7.27,37,2,3,1
10,9.04,21,5,5,82,8.56,18,7,10,12,2.14,45,1,2,96,5.82,2,19,5,99,7.86,31,5,9,0
119,8.02,46,1,8,28,2.88,14,9,1,77,4.09,15,10,5,58,6.11,11,2,3,40,5.34,27,15,9,0
68,1.99,28,5,5,107,9.28,44,18,3,119,2.06,41,7,5,114,3.12,49,15,5,57,4.83,22,4,7,2
75,2.53,32,4,8,90,3.67,38,3,9,72,7.99,29,3,3,117,8.84,6,13,5,10,4.83,15,17,9,0
19,4.29,0,17,1,58,9.02,45,8,6,36,5.98,14,19,10,12,5.67,34,5,7,40,2.03,12,7,9,0
42,7.38,5,5,5,72,6.98,35,18,2,49,1.63,8,11,7,107,2.26,45,6,6,56,7.79,12,17,10,0
43,2.89,42,20,6,100,6.02,13,20,7,101,8.36,36,10,7,33,2.79,44,16,2,115,2.79,11,19,8,0
71,1.77,48,5,8,47,2.6,28,18,6,93,7.74,20,14,1,67,2.11,34,6,9,36,4.69,32,7,6,2
60,7.35,37,11,2,67,3.32,38,19,6,92,8.19,43,10,5,22,8.95,16,14,6,52,6.94,38,19,6,2
96,4.04,17,4,6,84,1.46,27,20,7,31,2.87,33,9,10,109,8.42,32,6,1,59,8.87,45,9,5,2
14,2.41,30,17,4,96,3.64,31,19,9,14,5.07,39,9,9,62,9.41,31,18,4,34,1.41,7,12,8,0
17,4.28,37,13,10,63,2.01,4,12,8,65,1.46,46,3,3,92,4.45,22,11,2,110,8.18,46,16,2,2
98,3.99,29,4,3,20,3.76,10,12,1,23,5.69,8,18,2,55,2.9,43,11,3,117,3.07,44,7,9,0
18,9.45,15,16,10,29,3.67,0,19,10,81,3.12,45,6,10,94,7.04,34,9,10,67,2.0,25,4,1,0
110,5.18,48,17,5,17,3.83,38,16,5,81,7.39,15,13,10,50,6.41,28,5,10,26,6.29,38,13,4,2
67,2.21,42,16,9,50,1.98,37,0,6,86,9.52,39,7,9,120,1.62,19,10,6,41,6.97,11,5,6,0
61,4.4,40,4,6,26,1.57,22,8,4,105,7.72,43,2,2,45,3.96,24,13,7,98,4.7,37,9,3,2
112,6.83,11,7,9,112,5.15,4,12,8,91,3.45,37,7,2,94,5.52,34,10,7,37,8.41,39,9,7,0
87,1.49,31,4,7,44,1.28,10,10,1,27,9.99,15,4,2,13,2.58,37,11,5,15,2.06,5,0,4,0
74,4.49,10,11,7,94,5.17,6,19,7,65,2.56,2,6,10,20,8.94,19,18,10,112,8.33,4,20,2,0
58,9.79,37,10,2,107,2.26,30,15,1,51,9.13,28,15,4,76,6.24,35,19,1,117,3.36,24,18,8,2
117,2.06,37,13,7,88,2.37,4,1,5,86,1.69,31,20,1,93,8.89,14,10,3,79,5.02,45,19,1,0
27,3.75,20,2,8,23,9.91,27,4,10,73,5.98,5,12,8,75,5.08,11,20,10,102,2.77,49,16,8,0
20,4.42,48,7,1,74,1.1,34,4,5,103,1.73,46,7,3,116,7.4,9,12,5,54,4.65,20,18,7,2
115,7.56,23,13,9,108,6.1,43,15,8,108,2.43,29,6,4,27,3.62,39,14,9,107,3.96,2,20,1,0
17,2.68,19,4,4,86,3.7,15,2,8,80,8.37,19,2,3,87,9.77,36,19,10,94,9.01,2,15,9,0
70,3.1,24,0,9,104,6.29,35,0,10,73,5.16,35,11,8,24,6.94,16,9,6,64,9.83,37,2,7,0
68,4.99,45,10,1,116,8.07,46,11,6,92,2.01,18,11,6,29,4.98,3,6,4,91,8.8,21,14,4,0
38,8.97,27,20,3,45,9.49,1,5,5,89,3.08,32,2,10,30,1.35,10,0,1,40,5.64,36,11,10,0
86,7.23,32,11,10,14,3.08,11,4,5,106,7.45,20,10,9,28,4.18,36,2,7,92,2.89,8,5,10,0
89,8.41,6,15,8,19,5.41,5,15,8,70,1.1,43,8,6,120,3.16,0,15,7,106,4.03,4,3,4,0
28,3.93,38,16,4,19,2.84,40,16,10,46,7.22,48,10,9,100,8.22,13,8,4,18,3.5,31,10,1,2
21,6.85,45,7,8,27,3.31,0,2,7,64,9.6,4,4,5,53,6.68,38,9,7,77,9.89,17,1,1,1
97,7.54,34,18,6,108,8.75,4,3,10,120,2.4,1,19,4,105,8.06,33,19,7,46,8.1,1,15,10,0
111,8.32,16,8,3,63,4.98,27,10,7,33,1.99,0,15,3,48,4.33,19,11,9,29,6.92,27,4,6,0
15,8.79,16,1,9,116,8.22,34,11,7,20,6.71,31,11,4,60,8.93,28,1,4,88,5.43,2,3,4,1
77,1.08,34,18,2,12,1.31,37,18,6,86,4.34,31,9,9,84,3.84,17,13,6,31,8.21,25,19,4,0
84,4.11,44,16,8,84,7.22,15,6,3,87,7.39,32,2,2,93,9.93,11,9,6,29,4.13,6,9,3,0
108,6.99,45,20,8,65,1.56,5,3,3,61,6.18,34,19,9,120,6.5,11,12,9,32,7.54,29,11,10,0
34,7.04,31,12,2,97,8.28,5,18,1,65,2.86,2,19,3,54,2.96,9,20,8,89,4.09,34,8,4,0
58,7.76,42,3,3,48,7.88,12,5,5,70,7.48,12,17,9,110,3.5,12,6,10,44,5.2,12,8,4,0
18,7.46,10,14,3,16,6.24,0,19,2,72,4.49,32,7,3,112,5.87,0,17,3,26,4.47,35,14,2,0
107,6.0,19,20,3,36,1.98,37,7,2,21,4.02,9,1,8,39,2.32,1,5,1,94,4.16,16,7,3,0
118,9.83,21,0,8,54,3.48,31,10,9,63,3.25,50,1,3,61,3.21,16,8,7,60,1.93,24,1,3,0
47,6.22,10,9,5,13,5.09,41,3,5,45,6.48,7,20,7,102,1.88,14,0,6,102,9.78,48,18,2,0
37,3.49,10,3,1,79,7.72,7,8,1,71,1.98,36,4,2,69,8.27,19,13,5,90,3.25,4,1,7,0
85,5.59,3,11,7,39,8.92,16,15,1,83,3.59,30,1,5,79,7.5,45,10,10,70,9.4,19,3,9,0
78,4.01,24,1,1,94,4.37,44,14,8,12,3.09,20,0,3,65,1.15,9,8,2,19,7.59,16,13,10,0
36,3.31,14,4,10,35,9.46,34,10,8,54,5.38,24,17,3,77,6.64,25,3,3,11,6.25,9,7,1,0
21,8.67,25,1,1,117,5.55,5,5,2,41,1.58,44,4,7,45,9.8,26,9,3,109,6.63,23,7,7,0
56,8.95,12,12,1,24,8.56,6,1,7,16,2.13,10,1,10,118,8.32,2,4,6,105,3.3,48,19,10,0
79,4.96,15,17,9,43,8.86,2,13,7,106,3.93,24,18,10,12,9.17,2,1,9,74,5.85,23,15,6,0
102,3.75,2,16,5,12,3.95,40,15,7,21,5.09,14,5,5,10,5.66,16,17,9,82,8.12,25,19,10,0
73,3.3,10,14,3,70,9.48,9,13,5,44,8.11,15,7,1,100,8.5,14,19,8,13,8.66,23,0,3,1
101,6.95,2,2,3,39,3.11,38,14,6,86,6.39,10,8,7,61,2.87,35,9,3,113,2.01,46,16,5,0
28,6.45,17,5,7,110,7.05,34,0,9,38,4.34,7,6,5,20,3.72,2,9,9,24,9.27,42,16,2,0
113,7.6,19,16,3,22,2.74,31,1,10,12,9.41,38,0,5,65,1.34,48,1,7,16,9.51,29,1,2,2
94,3.54,4,5,5,54,10.0,41,3,9,34,3.77,4,17,8,84,2.19,18,12,5,38,5.07,41,5,8,0
82,4.27,27,14,2,104,5.98,36,3,8,52,9.34,17,6,8,47,2.9,43,11,7,96,2.4,23,11,4,0
37,8.83,37,4,2,70,8.13,37,8,4,79,7.24,39,10,5,34,2.57,39,4,5,25,3.36,20,0,8,2
86,6.68,19,20,7,41,8.58,27,0,5,18,5.19,50,15,3,81,1.86,35,20,1,115,8.41,32,0,10,2
34,5.54,43,15,7,118,6.48,43,20,9,88,7.66,47,6,8,92,7.39,7,5,6,109,2.03,39,20,2,2
93,1.05,41,1,1,47,5.33,23,4,2,62,2.39,1,6,4,48,4.45,5,14,5,100,1.4,7,11,6,0
27,6.0,9,7,7,103,1.56,7,20,7,35,3.58,35,2,9,72,6.32,33,10,10,65,8.75,12,7,6,0
109,8.42,19,7,10,73,3.19,11,3,4,52,4.56,16,0,3,34,8.82,8,15,9,19,9.09,3,7,2,0
81,5.75,48,14,1,51,4.83,48,17,4,29,6.75,28,3,5,79,4.14,37,14,4,103,3.92,0,2,6,2
61,3.5,28,0,2,56,7.15,10,16,10,24,3.94,24,9,10,38,7.66,37,1,5,40,6.41,48,13,8,0
18,2.45,38,17,9,24,8.65,45,1,6,50,9.71,18,1,3,99,4.57,25,3,8,40,1.7,44,9,7,2
26,8.46,40,5,9,93,3.85,44,19,4,32,6.06,5,1,6,12,4.0,36,11,7,65,7.92,50,16,2,2
103,6.37,47,20,7,96,2.07,21,18,8,100,2.3,23,7,1,14,5.5,44,18,9,103,3.62,27,20,9,2
105,7.15,9,6,9,68,3.48,46,11,7,21,6.61,37,0,9,71,7.12,48,8,3,15,8.36,31,12,9,2
70,2.48,42,0,8,50,3.65,12,18,6,55,9.29,4,1,10,21,5.65,4,20,10,117,8.3,21,3,6,0
94,2.23,0,11,1,15,5.32,37,0,6,99,9.63,4,7,6,33,4.22,48,6,1,46,8.0,48,8,7,0
17,7.15,37,14,10,102,8.61,4,16,8,19,8.32,1,19,7,65,3.86,9,10,5,38,5.9,49,18,1,0
57,8.45,49,5,3,38,3.25,16,6,9,82,3.67,15,8,7,17,3.02,13,2,8,63,8.4,12,17,3,0
96,5.71,15,6,7,93,8.11,12,16,2,98,2.92,2,11,3,76,7.25,39,18,6,111,4.61,46,20,7,0
10,2.4,39,18,7,26,8.95,25,5,5,103,5.57,8,9,5,20,3.07,19,3,9,106,4.49,44,10,6,0
40,4.38,17,8,5,32,4.53,39,15,10,32,3.95,24,12,6,23,9.28,30,18,3,99,1.62,10,13,5,0
58,5.36,14,18,7,42,6.53,21,3,5,39,9.12,10,11,7,25,2.32,27,11,5,38,6.59,25,9,2,0
16,3.36,22,20,10,17,1.17,32,20,6,35,1.95,23,14,1,83,1.57,13,20,3,55,8.35,46,15,6,0
118,2.01,19,17,2,80,7.61,39,6,7,23,2.6,15,19,10,77,5.06,31,14,4,59,5.1,34,19,4,0
67,6.41,28,8,9,95,3.9,41,18,8,108,4.28,29,6,3,14,9.87,7,9,4,66,2.29,33,3,4,0
98,3.37,19,2,5,65,9.7,43,17,2,14,7.47,38,20,4,118,4.91,16,15,2,43,5.59,6,7,8,0
51,8.37,3,8,7,13,1.18,14,4,8,106,3.67,25,2,9,89,9.36,6,18,5,49,5.1,11,18,7,0
26,1.23,44,3,7,73,6.99,3,11,9,99,9.86,48,16,2,26,8.53,40,1,5,46,3.84,46,7,4,2
21,2.98,21,1,6,67,1.0,8,17,2,83,7.57,34,4,10,30,4.29,29,12,1,24,4.07,19,4,6,0
42,4.77,24,8,8,103,5.6,17,14,10,81,6.06,13,12,6,110,2.53,48,10,4,89,2.0,27,18,8,0
80,8.83,38,17,8,35,2.82,46,0,5,110,8.56,48,2,7,73,5.52,3,8,9,106,9.93,22,4,10,1
113,7.88,37,2,2,115,7.24,42,3,7,24,4.35,26,6,3,115,5.45,33,12,1,117,4.43,43,6,4,2
19,3.46,39,7,8,98,8.1,33,11,7,21,4.35,19,5,2,118,9.7,19,9,10,108,5.98,16,9,3,0
43,3.14,22,20,6,62,9.41,8,4,2,103,9.45,10,19,2,109,3.52,42,18,7,104,4.56,25,12,3,0
22,8.92,21,10,10,76,9.36,15,5,2,35,6.41,44,20,9,39,1.85,13,2,6,64,7.23,43,18,6,0
72,9.5,13,15,6,51,9.74,33,2,4,88,3.15,14,8,7,78,4.18,5,19,10,14,4.94,0,12,5,0
104,1.96,4,8,8,66,7.12,15,9,7,77,9.78,44,9,3,36,4.78,37,17,1,101,2.35,22,5,8,0
52,5.88,39,6,5,48,8.0,41,9,8,55,3.85,8,8,6,109,5.14,24,7,9,87,5.04,10,10,9,0
75,7.2,30,13,4,65,9.78,11,6,5,96,9.22,11,2,2,102,6.61,2,1,9,100,6.14,18,9,1,1
69,1.3,4,10,7,47,6.4,7,12,9,87,6.47,8,1,8,28,6.05,0,1,3,96,7.37,24,16,4,0
107,3.61,17,8,10,58,8.08,20,15,7,97,1.87,23,8,2,109,4.69,31,12,1,24,1.53,21,17,8,0
29,8.09,50,10,5,78,3.38,30,5,5,26,5.02,45,5,1,64,7.83,4,10,2,75,7.98,34,6,3,2
89,2.78,17,1,10,28,8.68,8,3,4,25,5.69,21,9,5,11,6.34,35,20,10,34,4.31,1,12,1,0
90,4.81,23,13,4,101,1.05,50,3,5,90,6.81,11,16,5,39,2.48,32,5,7,39,2.57,28,10,7,0
50,5.32,29,3,2,24,8.1,33,16,6,108,7.37,33,6,4,19,3.37,33,0,10,83,3.45,4,18,9,0
114,3.69,27,5,6,33,1.35,17,9,7,72,9.6,4,9,3,31,2.76,50,18,1,109,6.19,1,0,3,0
118,2.93,13,17,10,18,2.89,23,11,5,102,4.08,27,0,10,101,7.77,17,3,3,67,1.37,1,8,10,0
71,3.67,32,19,10,28,6.15,2,4,8,17,4.82,26,9,5,61,2.72,16,9,10,75,3.36,41,12,1,0
107,5.37,26,1,6,85,8.05,26,6,10,50,5.47,19,17,2,91,8.54,22,13,6,89,6.55,2,5,4,0
81,7.73,10,2,5,97,9.38,27,6,1,52,7.91,5,13,6,26,9.71,46,19,10,108,4.58,49,16,6,1
17,4.01,46,3,1,42,6.49,19,12,8,27,5.37,5,5,3,64,3.35,8,7,5,18,2.87,17,10,4,0
18,4.28,40,16,3,84,2.99,34,10,1,32,5.91,44,19,5,29,3.73,44,0,4,118,1.39,48,4,8,2
70,4.05,34,8,3,84,3.73,5,18,7,29,5.47,24,10,8,11,4.25,26,19,9,11,1.02,1,14,6,0
105,5.43,17,7,10,43,7.51,43,7,8,33,3.91,46,11,7,97,7.26,22,11,7,22,9.78,27,13,7,2
110,2.54,26,9,6,120,9.17,11,9,5,44,8.27,17,8,9,22,8.49,22,14,4,46,8.15,25,14,4,1
118,7.91,21,2,3,71,7.85,37,19,1,21,2.93,6,16,4,65,7.68,19,12,3,46,4.78,32,20,9,0
80,5.1,34,16,6,88,2.81,14,8,10,55,5.8,6,12,3,62,8.53,4,10,8,116,5.07,22,15,3,0
110,9.04,1,13,8,41,2.79,24,9,1,83,8.37,18,15,5,119,5.09,13,13,10,46,1.41,2,18,2,0
43,4.38,35,6,8,39,1.9,29,2,2,96,3.56,3,12,8,113,5.25,9,10,6,92,1.98,46,1,2,0
45,1.49,43,14,9,84,7.24,13,0,2,86,9.46,9,16,4,28,8.93,39,10,7,60,3.59,31,15,2,0
23,1.63,29,11,4,38,6.68,29,14,2,97,6.08,28,20,3,98,5.88,44,12,1,83,5.66,22,18,2,2
11,5.34,28,13,10,32,3.61,31,19,4,65,1.78,4,12,3,49,6.32,28,3,5,75,6.18,29,20,7,0
47,9.49,33,14,9,21,3.45,37,15,6,108,1.34,30,8,4,26,5.01,13,16,7,118,3.97,22,10,9,0
38,9.52,32,14,5,22,2.42,2,13,10,111,2.33,48,1,7,17,7.24,49,13,8,74,5.32,2,2,1,0
103,4.71,34,0,4,111,4.61,36,15,1,46,5.3,38,1,7,60,4.68,42,12,2,91,6.93,30,1,2,2
48,9.14,14,3,6,65,6.08,49,2,2,11,7.22,11,14,3,28,7.27,10,5,6,93,6.45,42,19,5,1
98,4.71,41,14,10,107,2.92,3,14,6,119,8.52,17,17,1,41,2.8,50,14,6,66,2.75,6,15,6,0
62,6.83,46,3,1,99,2.0,46,17,1,35,3.91,48,12,3,54,8.16,38,9,9,101,2.39,34,5,6,2
31,7.65,0,10,4,31,3.14,38,6,5,27,1.01,28,5,8,113,1.82,41,16,4,97,9.76,13,12,5,0
94,6.46,6,10,6,54,2.3,32,4,1,110,4.92,7,13,9,20,1.72,32,4,9,13,2.83,43,1,8,0
36,6.4,33,0,6,84,6.8,26,16,10,29,3.19,30,0,4,55,1.23,39,8,2,17,7.52,35,0,5,2
108,5.44,31,16,3,109,8.32,45,1,6,116,2.2,24,15,10,103,2.88,26,13,4,108,6.58,18,5,10,0
48,5.45,18,15,5,73,5.24,12,12,8,58,9.12,16,12,9,104,1.76,30,8,8,81,7.23,40,12,1,0
59,3.33,7,10,4,49,8.16,11,4,10,64,1.83,45,3,10,49,7.78,39,17,5,101,3.99,36,20,6,0
67,8.75,1,8,2,109,5.43,45,4,5,90,8.92,0,2,3,10,6.22,49,8,9,26,7.31,20,3,4,1
84,3.75,49,12,5,62,2.78,16,13,1,36,7.55,29,14,6,73,9.84,44,20,9,92,6.46,50,20,9,2
57,4.44,48,3,1,104,6.83,6,1,6,66,6.74,13,7,6,88,3.01,1,11,7,70,4.58,0,14,6,0
86,1.83,14,8,2,119,5.87,39,3,2,106,5.98,21,4,6,40,1.62,8,1,7,84,7.27,19,12,10,0
34,4.29,7,8,7,114,9.48,50,12,9,52,4.21,25,3,9,50,2.84,29,4,8,44,8.63,18,18,2,0
49,3.21,39,5,4,109,4.31,26,4,5,24,6.74,39,12,10,28,3.29,14,9,9,110,3.4,29,9,7,0
87,7.87,41,17,6,102,2.44,48,6,10,56,7.05,10,0,3,78,5.51,40,5,4,40,2.03,37,6,7,2
47,7.79,47,10,10,44,1.91,15,13,10,108,8.99,6,9,1,90,9.25,30,7,3,86,3.89,44,8,7,0
95,6.13,13,16,2,82,8.04,44,4,7,31,2.26,10,6,6,115,2.46,10,4,10,87,3.34,31,3,4,0
10,1.89,18,13,2,48,3.2,17,7,1,93,4.8,32,8,4,109,7.24,6,14,5,32,7.03,49,19,9,0
81,8.55,30,11,9,36,3.43,29,8,8,107,7.4,26,4,3,120,7.03,36,1,5,50,6.54,34,16,4,2
87,5.59,2,1,9,110,4.93,28,0,5,108,2.22,36,18,10,83,7.24,40,4,5,82,7.72,37,8,1,0
69,7.07,33,15,9,68,6.41,18,10,2,37,7.67,13,7,2,70,1.29,47,7,7,80,5.47,0,12,9,0
48,3.61,44,9,4,112,9.97,27,20,7,117,3.64,39,18,5,21,5.56,30,16,5,47,6.94,25,8,2,2
23,6.95,27,9,6,63,4.93,0,16,3,99,7.56,14,11,8,24,7.83,27,0,5,78,8.08,40,8,1,1
97,8.6,43,13,3,36,3.06,50,7,2,96,4.56,32,17,7,71,8.56,8,17,3,94,7.31,21,2,4,2
86,2.7,2,11,2,45,9.9,42,8,10,63,4.29,33,13,2,86,3.49,41,18,4,33,4.85,15,17,7,0
13,3.83,19,15,1,38,9.15,8,4,10,109,2.85,6,5,8,63,8.45,42,0,1,56,6.9,9,11,10,0
82,4.97,29,12,9,44,1.82,3,3,5,23,7.77,35,13,3,110,6.37,39,4,2,116,1.02,42,1,1,0
111,2.27,17,20,10,18,3.08,11,4,5,72,2.1,48,15,7,27,4.11,21,8,4,65,5.34,33,18,10,0
73,2.96,12,20,9,101,2.15,14,4,8,37,4.71,26,9,7,56,5.51,21,18,8,109,4.28,3,18,8,0
66,7.72,12,11,5,82,5.27,10,14,9,68,8.75,13,16,2,45,7.17,19,17,3,94,2.11,7,12,2,0
67,9.34,41,2,3,43,7.74,1,3,4,13,6.8,30,13,6,90,1.37,12,5,2,28,5.28,11,10,9,0
40,1.86,40,7,6,93,5.06,23,9,4,75,3.77,20,19,6,109,5.86,12,5,8,26,6.84,49,13,3,0
100,4.03,19,18,3,94,9.5,42,1,7,88,5.01,49,13,2,19,5.64,41,20,2,66,3.93,27,10,2,2
80,7.78,23,4,5,48,3.11,49,6,4,42,6.93,40,13,8,66,6.4,24,18,10,37,8.12,2,12,7,0
118,5.09,7,6,8,54,6.87,37,1,5,35,4.03,9,17,7,52,4.24,15,2,10,71,7.69,18,4,2,0
59,8.11,40,3,3,36,8.03,9,13,6,43,9.78,16,1,2,15,3.12,47,12,4,115,7.84,29,13,4,1
75,7.64,36,0,4,10,6.36,3,2,5,82,1.98,32,1,5,100,4.95,3,10,9,108,5.14,8,18,9,0
103,6.81,36,12,5,44,6.14,41,10,9,101,6.32,48,10,8,24,6.6,46,6,8,53,6.51,4,0,10,2
25,8.46,49,12,8,44,8.02,6,15,9,14,3.09,30,10,1,98,8.31,12,17,6,57,6.18,33,15,5,0
96,1.17,15,8,1,11,3.47,40,12,2,19,1.4,22,1,8,117,7.81,40,1,10,72,4.44,44,20,5,2
107,6.19,23,13,5,15,8.91,6,10,10,34,3.15,2,6,6,22,6.11,38,16,9,42,9.85,38,1,3,0
13,5.29,10,13,4,110,4.19,8,2,5,91,4.71,32,6,3,108,3.37,23,19,9,37,6.0,40,4,5,0
15,2.96,44,5,7,119,2.37,17,15,8,79,8.72,41,10,7,52,3.38,32,15,8,56,8.67,29,13,2,2
103,2.9,28,15,7,36,5.51,23,19,5,63,4.97,39,11,7,22,7.28,49,11,8,102,2.39,8,16,9,0
26,7.76,22,9,8,71,7.72,43,17,10,14,7.02,13,5,6,58,6.42,25,3,9,79,5.8,40,7,9,0
26,3.55,19,5,4,98,4.61,14,15,3,64,9.42,6,13,8,104,3.23,37,17,10,67,5.99,35,8,10,0
56,6.02,14,5,3,46,8.41,11,6,1,53,5.52,5,14,1,69,3.94,19,9,8,21,5.62,47,10,4,0
29,4.09,38,3,10,110,1.52,23,9,9,116,9.92,21,11,5,42,8.67,0,4,7,101,9.59,22,18,2,0
21,6.67,9,13,3,119,5.31,29,20,1,111,4.61,6,4,1,76,8.72,37,4,8,64,6.43,12,4,3,0
74,9.48,45,11,10,66,2.37,46,1,6,47,5.96,7,8,4,113,2.33,26,11,9,46,7.9,36,5,5,2
44,6.0,41,1,3,67,2.73,24,1,4,48,6.87,6,13,1,92,5.53,45,19,1,91,3.88,15,8,4,0
111,5.14,2,13,8,119,9.87,14,16,7,78,6.48,46,16,2,55,4.73,50,10,6,66,9.82,45,5,8,1
75,3.0,23,4,2,73,2.83,20,14,1,91,9.74,44,17,9,17,5.52,3,0,6,56,5.66,35,4,7,0
15,5.2,17,15,3,105,8.38,32,4,4,108,5.35,46,20,4,63,4.7,45,6,6,19,2.15,44,15,7,2
94,2.41,0,14,10,28,9.82,48,4,1,90,4.51,3,8,9,75,3.19,4,16,9,75,9.93,40,6,4,0
91,3.97,45,14,5,116,7.16,33,9,8,78,8.97,36,11,4,23,1.53,14,14,4,81,1.94,3,10,8,0
55,6.51,25,0,9,77,8.72,12,17,3,21,6.61,15,19,1,102,5.98,13,13,1,71,7.32,13,13,6,1
75,3.98,19,17,10,21,4.09,0,10,8,58,3.87,9,2,4,59,8.34,49,2,9,101,9.11,43,18,9,0
114,5.2,22,18,1,30,2.36,45,15,5,119,3.05,4,15,1,58,4.64,11,5,1,37,2.85,39,3,7,0
16,10.0,44,19,2,73,1.25,14,4,1,79,3.5,23,10,8,118,8.89,24,13,3,26,2.31,48,9,3,2
18,2.34,32,15,10,60,7.1,37,16,9,119,7.11,28,1,3,112,7.94,30,1,8,101,8.21,33,9,10,2
16,8.55,5,7,2,91,3.29,5,20,3,109,7.53,30,12,10,107,2.89,2,17,3,120,8.27,19,11,6,0
114,4.92,28,13,9,102,7.39,35,18,3,58,6.74,49,7,9,94,9.67,17,13,10,105,5.73,44,15,2,2
67,3.87,38,17,3,36,5.97,41,5,10,93,6.47,45,15,4,27,4.15,28,19,7,103,5.16,31,12,3,2
43,9.64,19,16,8,81,6.77,43,2,2,58,5.48,46,20,8,40,1.18,38,8,9,68,6.99,7,2,6,2
61,4.33,10,8,3,57,1.69,32,20,7,105,2.24,41,11,6,35,4.64,43,12,5,51,2.92,43,16,10,2
76,2.35,43,18,6,68,2.7,23,20,4,17,3.7,36,15,9,101,5.38,39,17,6,22,1.71,46,19,5,2
98,6.39,19,7,10,59,1.03,6,20,1,49,5.94,10,18,10,55,8.21,48,16,5,55,9.16,11,17,8,0
28,7.14,13,13,7,113,6.13,26,6,7,20,2.05,32,17,3,58,3.93,28,7,10,32,8.88,29,6,4,0
57,1.52,37,17,4,88,3.48,29,16,4,32,6.57,9,13,5,49,2.98,17,5,5,118,7.26,47,18,5,0
108,6.14,33,12,2,43,8.82,11,17,5,56,7.3,49,9,2,84,2.45,6,13,1,91,8.16,31,18,5,0
30,8.48,28,9,4,42,9.36,9,10,9,102,8.5,13,1,9,33,1.4,35,8,9,66,1.86,5,5,7,0
90,9.3,17,0,3,102,9.14,30,17,6,39,4.68,19,8,9,85,8.68,18,14,5,107,1.66,16,8,1,0
49,4.8,39,7,1,24,6.63,9,19,8,88,7.07,41,19,2,59,4.73,30,18,7,20,6.87,33,20,4,2
21,2.3,44,3,6,18,1.55,43,15,2,63,5.58,31,0,5,85,2.37,22,7,6,73,2.76,20,15,4,2
14,5.73,43,12,7,20,9.15,10,8,4,68,5.34,44,16,8,88,5.36,14,10,6,19,9.4,16,15,4,0
20,9.87,50,11,3,113,3.11,15,17,1,11,3.81,10,6,4,47,8.82,25,11,3,101,9.15,6,12,2,0
86,7.15,35,6,4,62,1.46,4,17,3,79,3.73,6,1,3,43,7.39,44,17,9,113,3.62,12,2,7,0
44,5.64,48,16,6,30,1.46,41,12,3,17,4.28,15,3,10,45,7.48,2,17,5,69,4.31,5,7,9,0
102,5.04,49,7,6,101,2.11,48,17,1,13,4.91,26,18,5,80,8.86,43,5,5,11,5.51,7,12,3,2
58,4.08,21,1,3,19,7.18,7,2,2,74,6.12,34,14,10,66,3.95,29,17,10,40,6.42,12,15,2,0
26,6.33,41,10,9,57,8.01,14,7,10,112,9.86,33,9,10,95,9.54,22,0,10,33,5.0,40,15,1,1
17,4.47,15,14,4,51,2.15,8,12,4,51,4.89,6,8,9,118,3.04,10,3,7,96,8.6,31,15,10,0
48,2.68,7,4,8,56,2.68,15,17,4,66,9.76,12,7,10,95,2.85,20,7,7,110,4.83,31,5,9,0
92,7.47,43,12,8,12,9.81,23,4,9,76,5.45,24,20,2,45,5.65,23,2,3,117,2.96,13,20,9,0
80,2.63,30,18,8,50,5.8,16,11,5,21,6.09,18,1,4,51,4.94,20,20,7,32,9.43,35,20,8,0
22,3.47,5,9,1,10,9.47,41,4,3,100,1.7,9,4,5,117,4.47,21,0,8,98,5.01,46,0,1,0
109,8.56,6,16,4,10,3.17,33,10,2,101,1.49,32,1,8,71,2.72,49,16,9,83,2.23,33,9,2,2
74,4.96,32,18,6,119,8.83,38,17,7,22,3.55,42,8,4,89,7.57,49,2,3,119,6.01,1,7,3,2
47,9.63,44,3,9,66,1.94,26,15,6,16,7.07,48,17,10,15,5.24,18,4,6,52,5.15,22,14,9,2
116,4.1,40,11,4,95,8.43,8,12,9,49,2.3,43,3,10,69,4.79,15,20,2,28,2.78,11,0,1,0
27,3.89,7,2,4,69,7.26,48,9,1,53,7.02,4,9,8,120,8.54,10,5,2,53,9.95,46,11,6,1
109,5.02,12,2,1,79,6.94,45,20,6,36,2.19,20,1,4,71,5.37,23,10,6,89,1.55,28,16,10,0
103,9.24,0,14,6,83,6.92,33,17,10,29,7.62,16,6,6,50,3.34,1,16,1,119,1.41,13,13,1,0
67,3.91,41,8,6,36,5.27,3,19,2,116,6.77,19,17,4,102,2.9,47,17,4,103,1.9,2,2,1,0
16,2.95,20,14,8,10,3.8,32,20,4,81,6.1,6,13,5,17,9.31,26,6,10,62,8.57,42,12,2,0
83,1.67,31,0,2,55,5.51,7,9,6,103,1.45,46,9,1,40,6.71,38,13,9,94,1.04,48,6,6,2
69,8.55,2,19,1,12,2.28,5,6,8,15,6.57,2,17,9,109,3.33,48,9,1,22,8.02,5,1,5,0
73,6.46,23,2,2,18,1.2,21,9,1,62,6.85,26,5,2,24,1.04,38,19,5,60,2.89,46,13,7,2
12,4.06,29,7,8,119,2.45,2,1,5,72,5.18,6,12,1,93,7.82,10,14,6,84,1.47,31,9,5,0
85,5.0,26,18,8,32,4.02,16,14,5,95,3.5,49,3,7,104,5.89,0,19,1,66,8.48,17,12,10,0
10,3.87,45,4,4,102,4.33,11,13,9,56,9.72,6,11,2,16,1.47,32,18,4,46,1.74,10,13,2,0
71,5.59,47,0,1,71,9.27,6,5,3,102,1.24,45,16,1,75,5.23,6,2,8,98,8.21,28,10,8,0
105,2.79,43,15,7,41,3.62,22,12,2,81,8.96,44,20,7,59,8.77,36,7,6,14,3.58,29,11,9,2
41,8.48,37,19,7,83,6.88,11,4,9,20,6.91,1,15,8,116,9.28,30,17,5,101,1.07,28,0,9,0
38,9.42,50,20,3,26,8.08,42,20,10,14,7.41,9,5,7,44,2.81,32,20,8,83,2.39,10,12,4,0
37,1.6,19,15,1,21,7.17,15,6,8,106,3.03,42,0,7,35,8.83,17,9,9,51,2.48,21,16,8,0
56,1.3,24,1,6,13,9.82,30,10,2,54,3.88,20,17,2,17,6.26,33,16,2,34,3.21,37,10,8,0
113,5.31,24,16,7,82,6.49,47,12,10,91,1.26,30,14,3,59,6.88,26,12,3,43,8.12,26,15,7,2
97,2.0,6,2,6,52,1.33,41,16,8,106,2.89,23,14,3,98,2.26,8,12,2,84,7.81,42,9,3,0
31,4.68,21,0,9,54,3.35,6,3,10,55,7.79,6,4,10,111,3.1,34,6,4,77,2.49,29,11,6,0
27,4.24,40,3,3,43,7.05,5,13,3,95,5.33,0,7,10,95,2.25,44,4,6,30,5.29,47,1,9,0
34,7.2,19,15,10,88,6.54,22,20,6,111,7.23,7,16,3,120,8.79,3,13,1,39,8.89,11,19,1,1
33,4.13,37,19,10,21,8.78,17,11,3,49,8.37,50,12,4,108,7.41,7,7,1,12,3.58,24,16,5,0
102,5.08,10,9,3,50,8.72,44,8,8,76,2.67,11,15,8,92,4.98,45,17,5,120,9.74,48,12,10,2
97,5.61,2,10,3,66,3.21,38,6,7,84,3.34,41,6,3,118,5.22,25,7,3,20,2.93,1,3,3,0
77,7.97,4,3,7,27,8.47,37,13,5,38,1.34,29,14,8,61,3.01,12,4,3,36,6.57,6,4,10,0
106,1.29,35,10,3,65,7.4,33,5,1,52,7.03,8,15,3,86,7.84,36,20,1,104,9.35,21,9,3,0
86,7.83,11,5,7,23,4.58,13,13,5,38,7.43,47,20,6,39,4.0,17,2,6,48,3.64,25,10,4,0
37,2.47,48,9,3,85,2.86,4,6,5,59,2.76,30,17,2,72,9.44,42,20,7,97,4.56,47,18,6,2
20,6.2,10,11,6,78,1.21,29,5,2,48,5.35,22,15,2,11,1.96,21,6,1,74,9.3,46,1,8,0
76,7.01,25,2,10,23,9.37,12,5,1,91,5.71,19,9,1,15,2.14,33,9,10,49,7.26,44,17,7,0
30,6.1,41,1,8,79,6.45,33,20,10,25,8.36,25,4,9,45,6.24,35,12,8,100,6.01,36,10,8,2
78,4.58,45,5,9,16,2.39,27,19,6,55,1.68,36,16,3,73,4.26,40,13,8,35,5.83,39,0,3,2
51,5.8,38,4,6,115,7.53,22,17,1,36,8.49,39,19,9,104,3.88,35,10,6,116,2.01,16,6,2,0
42,4.63,10,10,1,39,9.57,10,17,5,50,8.74,6,5,4,76,9.5,32,6,5,43,4.48,19,3,4,1
113,7.89,22,18,7,44,6.98,14,13,8,59,4.3,45,4,6,91,5.21,50,5,5,43,6.44,32,4,3,2
112,2.7,20,11,1,21,1.03,48,2,3,66,7.64,29,10,4,112,3.89,12,2,7,90,3.34,8,10,10,0
107,2.06,40,12,5,99,3.99,13,14,4,69,1.0,4,1,4,39,8.41,29,13,10,105,2.21,47,9,1,0
16,9.85,16,4,6,15,7.1,6,11,10,62,3.2,14,7,3,97,4.1,12,15,1,107,9.23,25,0,5,0
28,7.88,22,0,1,54,1.76,0,17,7,41,5.86,42,10,7,35,9.53,11,3,9,95,6.44,4,9,8,0
39,3.5,48,8,10,50,2.19,50,14,7,102,5.58,43,5,1,62,2.17,1,11,7,77,7.41,38,16,3,2
111,4.96,15,10,4,88,1.95,43,17,1,96,5.39,40,6,10,81,9.0,37,2,7,25,8.19,14,10,8,0
50,3.33,44,18,5,60,9.15,7,7,10,117,8.08,30,17,3,45,7.36,23,20,7,96,9.54,18,10,9,1
65,9.9,45,8,3,59,3.87,36,2,6,82,4.81,15,19,7,17,10.0,28,10,3,119,6.68,45,8,2,1
52,4.81,50,6,8,94,5.78,40,2,1,18,1.51,26,19,1,14,2.33,38,20,6,120,9.13,23,18,10,2
105,5.35,0,17,9,41,4.4,44,18,5,100,9.25,48,19,6,106,7.96,41,12,6,35,4.82,17,4,1,0
114,2.84,35,8,8,109,8.91,18,10,6,66,9.91,34,0,2,93,7.91,22,1,6,16,2.14,27,1,6,0
17,9.11,7,12,2,60,7.75,24,9,4,19,7.71,29,0,6,40,7.91,13,14,6,98,5.55,40,20,4,1
86,9.65,12,3,7,109,1.69,49,17,5,82,2.19,31,15,5,97,4.75,31,7,6,94,3.7,33,15,3,2
114,7.33,48,4,6,64,1.37,41,12,2,87,4.85,15,17,8,104,2.56,46,0,8,86,5.25,32,14,6,2
31,5.97,42,5,7,45,6.69,8,5,7,119,9.72,21,9,1,97,6.24,35,9,3,113,6.63,20,20,7,1
17,1.45,40,11,7,37,3.19,16,20,5,45,2.5,0,6,4,119,3.69,16,17,9,81,4.9,28,17,4,0
67,5.25,16,6,4,55,7.94,47,17,10,78,9.86,3,1,8,99,1.33,49,0,8,63,5.69,23,3,7,0
40,4.55,42,13,7,11,6.5,13,1,7,58,9.44,17,14,4,90,1.74,35,4,2,73,2.39,15,15,1,0
95,2.51,22,2,9,36,9.39,24,13,8,45,2.71,43,16,6,30,7.42,8,17,7,21,6.56,12,5,10,0
110,7.71,30,12,4,13,9.92,32,14,5,13,4.67,17,18,10,93,4.54,37,14,3,57,8.52,40,9,6,1
37,8.49,30,16,9,55,7.96,32,9,6,120,9.09,43,10,6,20,2.99,19,2,2,14,1.72,7,5,5,0
113,8.53,36,0,8,17,4.08,43,14,2,22,4.35,1,7,5,17,2.92,31,5,7,74,2.98,10,11,3,0
51,5.94,44,10,5,39,2.05,11,13,5,120,4.21,4,19,10,49,2.87,20,18,2,98,1.06,14,7,8,0
51,1.92,9,10,5,89,9.01,17,20,9,64,2.98,16,11,4,38,6.85,35,1,4,20,2.92,20,10,2,0
44,9.55,29,9,8,99,6.05,5,4,5,92,4.99,50,15,3,24,5.41,26,0,5,84,2.32,41,14,6,2
41,10.0,30,10,8,42,8.41,50,2,3,114,1.4,27,11,2,96,5.55,33,10,7,62,7.78,3,4,7,0
116,4.53,47,15,3,22,8.33,42,20,6,36,6.43,41,6,9,50,4.37,26,11,3,30,3.88,14,19,6,2
53,5.78,7,16,10,99,3.33,27,18,4,25,2.09,44,12,2,66,4.48,37,1,9,48,8.27,37,1,3,2
40,3.98,36,3,10,10,4.0,27,4,7,111,3.55,36,5,4,85,5.78,11,19,1,77,5.09,37,13,1,0
95,7.67,16,10,1,68,3.49,42,3,3,105,7.93,5,11,6,81,8.81,43,18,5,86,4.51,33,8,9,0
52,4.28,8,2,1,80,8.7,27,19,5,24,7.52,4,11,7,87,2.25,12,16,4,96,4.28,14,18,7,0
55,3.81,30,3,8,24,4.44,20,0,3,111,4.01,40,17,6,20,7.77,7,20,6,42,8.54,49,4,6,0
65,3.36,10,12,3,61,2.14,7,6,5,44,5.45,47,11,3,56,3.29,14,14,10,21,7.95,19,6,1,0
93,9.74,18,8,9,101,4.67,10,8,6,90,2.85,25,20,8,61,6.18,1,3,4,57,6.17,9,4,3,0
52,3.44,30,16,8,53,7.23,46,8,5,37,1.3,23,6,4,86,7.76,15,16,4,74,5.89,42,20,2,2
101,5.4,33,6,3,104,2.13,24,3,9,18,9.98,48,6,1,100,7.03,25,16,4,115,4.68,12,0,6,0
60,9.99,6,15,7,94,9.94,37,0,2,119,8.45,47,5,7,30,9.53,18,1,6,49,2.02,4,19,8,1
80,1.13,37,20,6,84,2.11,28,7,4,93,2.78,40,3,2,51,8.55,34,10,2,50,8.4,23,2,5,2
40,5.21,29,7,1,114,1.7,10,14,7,15,7.88,37,1,7,39,2.43,15,10,3,95,8.49,8,7,5,0
18,5.65,7,9,5,58,7.31,32,2,1,27,6.82,0,14,1,16,5.65,34,5,8,48,9.08,4,16,8,0
28,3.04,17,2,4,67,8.76,20,17,5,108,1.79,35,14,7,41,4.19,36,20,5,103,4.56,28,13,6,0
59,8.82,27,2,5,101,5.46,28,17,9,77,3.77,40,7,10,88,9.75,39,5,1,62,4.02,26,2,8,2
21,2.77,7,6,2,117,5.56,24,0,5,27,6.58,8,13,5,90,1.61,48,16,2,61,4.93,16,1,8,0
57,5.55,30,20,6,19,6.2,32,19,4,87,4.17,17,6,3,86,9.39,39,15,1,13,8.61,27,18,3,0
73,7.07,16,2,5,27,3.84,18,8,5,34,7.53,8,6,10,46,3.94,34,14,2,41,9.94,1,6,10,0
119,1.53,19,3,6,85,4.41,1,13,8,15,2.17,49,18,2,77,2.14,27,4,7,70,6.73,37,20,7,0
87,1.57,39,12,10,31,9.76,37,20,9,38,2.99,5,13,6,117,5.43,0,9,5,33,3.24,45,1,10,0
58,1.86,4,1,5,82,1.44,3,18,9,55,5.85,21,20,10,77,7.08,48,9,5,21,7.51,42,14,3,0
45,5.75,14,18,1,87,1.08,25,5,9,54,2.68,6,15,1,91,8.24,9,12,6,115,7.29,21,13,2,0
83,8.81,32,8,5,12,9.48,30,19,3,14,4.83,8,17,5,60,9.81,32,3,8,13,4.27,28,3,5,1
18,4.43,36,7,3,18,7.77,6,17,3,71,2.35,6,17,10,21,7.77,37,14,7,23,9.25,11,20,1,0
53,1.0,17,10,3,71,6.72,15,13,4,102,4.22,42,1,8,98,8.68,49,9,9,111,2.27,6,15,4,0
68,9.51,14,5,8,22,6.94,20,16,10,14,4.54,13,7,2,93,9.5,18,19,4,10,5.08,46,1,9,1
63,8.98,15,0,5,24,4.36,1,11,6,95,2.99,33,14,4,30,6.48,23,3,6,112,4.96,4,13,8,0
15,1.78,2,7,5,18,7.54,26,10,2,62,9.5,27,8,5,110,1.82,3,20,10,77,7.63,10,9,7,0
60,9.86,29,16,9,110,2.74,9,11,2,78,9.01,35,4,1,120,2.78,16,8,10,113,4.03,20,17,8,0
96,4.97,20,2,9,37,9.41,27,8,1,96,3.14,10,3,6,103,9.6,1,12,10,109,3.71,15,6,4,0
103,4.34,36,18,4,118,7.58,22,8,5,80,8.99,10,12,3,71,7.36,44,6,1,74,8.37,37,9,2,1
85,1.77,0,11,5,29,3.45,1,9,9,18,8.66,44,3,1,36,7.93,34,7,7,35,1.19,41,16,9,0
81,5.97,1,5,6,67,9.55,25,18,8,66,6.78,22,4,4,77,4.27,36,13,4,90,3.92,5,20,2,0
68,9.44,18,20,9,83,1.4,15,18,5,50,3.55,45,2,3,71,1.82,22,3,9,101,7.17,39,3,4,0
21,1.85,20,16,1,88,9.49,22,3,8,112,2.75,14,1,9,76,8.83,26,14,7,53,5.09,5,19,8,0
99,5.6,46,9,1,98,9.55,34,16,5,89,1.19,32,12,9,63,6.44,2,11,4,78,3.59,25,1,7,0
120,7.26,36,3,10,59,6.77,20,11,2,90,9.91,15,14,8,30,2.4,17,13,8,67,5.17,44,3,1,0
94,4.3,48,8,3,117,5.61,16,1,2,72,2.07,41,17,2,24,5.33,1,8,4,23,5.87,17,8,10,0
64,6.25,2,17,1,56,1.19,1,8,3,96,5.98,13,3,6,114,1.72,9,12,5,92,7.13,3,10,10,0
40,6.28,0,3,7,84,2.87,43,1,7,94,2.56,16,6,7,48,2.68,47,15,2,60,6.84,35,13,1,0
69,2.08,25,19,1,37,2.8,17,16,7,13,8.0,24,13,9,52,8.07,32,10,3,35,2.28,47,18,5,0
29,1.45,50,6,7,35,5.21,14,6,8,106,9.33,11,11,8,66,5.7,32,3,10,63,5.02,11,18,3,0
60,6.94,42,4,5,47,2.11,45,10,4,119,3.21,18,16,9,74,4.74,43,11,10,98,4.76,3,5,7,2
82,9.26,19,14,6,64,9.33,36,7,9,60,9.35,26,3,6,91,4.08,0,13,5,45,1.99,31,17,9,0
38,3.49,31,5,5,95,8.62,24,0,3,86,3.58,7,9,10,117,9.98,20,9,4,19,9.82,44,8,9,1
114,9.18,48,20,10,39,4.08,1,8,2,90,7.2,47,14,4,58,2.53,1,20,5,86,8.31,3,7,3,0
70,6.42,25,9,1,46,1.26,14,12,2,69,1.87,50,14,5,59,9.95,31,14,2,80,2.96,29,16,9,0
77,3.41,45,17,4,30,7.74,0,0,10,55,7.06,13,4,7,39,5.41,39,19,9,89,7.34,30,4,5,0
87,2.11,50,20,3,25,1.53,42,7,6,74,3.33,10,8,7,57,7.13,47,4,5,107,9.5,16,4,1,2
46,6.91,16,14,2,86,8.38,24,14,9,43,1.68,38,6,7,35,7.6,24,16,10,118,1.26,40,10,7,0
56,7.13,45,19,5,109,9.5,39,16,3,102,2.06,13,11,8,120,1.22,35,1,7,97,5.27,5,16,4,0
98,5.96,19,8,7,117,9.97,38,15,10,114,6.25,31,4,3,64,8.14,36,17,1,96,4.45,11,1,10,0
54,3.89,46,9,4,83,2.02,48,13,7,44,1.5,19,16,1,67,5.44,21,3,8,21,7.49,14,1,10,0
78,5.51,23,20,6,85,2.03,46,19,7,14,9.72,20,1,7,73,9.77,48,14,1,64,6.52,14,16,10,2
93,9.25,49,20,9,68,9.57,42,16,2,101,3.1,50,17,8,119,9.16,43,17,3,82,9.41,40,12,6,1
77,1.21,21,16,2,51,3.78,46,4,5,60,9.3,11,2,9,81,2.69,9,12,3,24,4.88,5,19,5,0
50,1.3,12,4,3,27,3.53,38,7,3,64,3.89,13,4,9,96,3.61,50,19,1,112,2.71,36,1,8,0
59,2.94,43,4,1,68,4.1,5,10,7,66,4.12,18,3,8,37,2.96,43,20,1,87,2.97,9,14,7,0
91,9.3,39,11,9,69,1.08,39,18,6,74,4.86,36,4,10,84,7.33,18,10,7,104,3.05,24,18,9,2
100,7.97,8,15,2,112,3.34,19,15,7,73,2.93,43,5,2,52,9.6,30,1,4,24,2.37,42,0,2,0
61,6.55,44,7,9,92,5.08,6,4,3,23,9.95,45,4,5,55,4.79,8,18,10,92,2.76,11,0,4,0
109,3.2,11,15,1,75,8.23,8,4,10,80,8.35,50,0,3,102,3.74,35,3,9,93,3.63,19,15,7,0
110,9.69,4,4,3,116,2.01,10,18,3,59,9.7,28,6,3,63,2.32,41,5,9,95,7.34,2,18,4,0
24,7.8,44,17,7,39,2.22,44,18,9,11,3.76,50,16,1,80,5.58,32,17,3,91,4.22,30,17,9,2
45,3.3,17,17,8,46,7.76,46,8,8,84,6.28,41,8,2,13,3.16,7,4,1,63,1.47,11,3,6,0
35,7.02,31,11,10,38,8.27,33,6,10,111,9.55,26,20,7,27,1.92,32,8,9,42,9.6,16,0,1,1
70,1.95,24,7,8,83,4.92,20,19,1,89,9.58,7,17,4,65,7.32,2,6,8,76,2.66,47,0,6,0
48,8.4,13,12,8,100,6.01,36,8,8,53,2.49,33,5,9,72,9.22,27,15,2,39,2.6,10,1,9,0
21,6.03,49,17,5,48,3.25,25,17,10,101,7.96,30,14,7,88,3.42,29,13,5,42,5.11,17,13,3,0
24,1.39,44,19,8,115,4.99,6,15,9,119,1.47,8,13,7,86,6.34,34,11,9,110,9.66,36,19,4,0
71,2.04,1,8,10,82,2.93,15,7,9,51,7.0,43,7,3,104,4.28,32,18,7,42,5.31,30,14,9,0
71,3.43,42,12,2,103,3.2,38,15,9,64,8.14,32,3,7,72,7.78,20,19,7,45,7.22,34,11,6,2
76,8.74,35,9,10,74,2.07,24,7,9,59,7.39,15,20,10,102,8.66,39,12,9,96,6.18,25,7,8,0
72,3.7,20,6,4,39,9.88,43,2,10,35,3.86,13,20,10,64,9.12,22,0,10,103,2.64,28,14,3,0
69,3.02,30,11,8,116,1.91,33,17,9,64,3.37,41,9,2,108,3.02,9,12,4,53,8.5,16,6,2,0
103,9.43,46,8,4,63,1.54,34,17,6,23,9.3,21,3,3,93,8.27,42,4,4,30,3.02,7,12,10,0
61,8.75,44,9,7,28,8.06,44,10,2,108,4.26,45,9,1,34,1.38,16,9,5,105,4.07,43,9,4,2
65,8.34,9,2,8,30,2.29,5,7,2,20,1.04,14,9,2,118,2.52,49,7,8,59,7.57,6,13,6,0
59,6.6,26,5,1,28,7.67,1,12,2,75,2.14,23,16,1,58,9.15,39,10,10,24,9.64,46,13,7,1
72,8.74,32,9,9,120,6.57,46,15,4,86,1.41,6,3,1,17,1.43,43,20,7,21,5.81,5,5,8,0
65,9.93,15,3,9,16,9.85,10,10,3,49,7.7,46,18,1,29,6.3,25,11,10,96,1.21,17,3,1,0
13,5.64,18,11,9,108,4.37,4,19,5,113,7.26,40,11,9,84,5.99,35,15,10,66,5.7,13,11,10,0
10,3.74,47,9,5,29,1.92,10,9,2,33,6.88,39,17,9,68,4.03,16,5,4,111,1.61,10,10,9,0
55,5.7,12,6,5,117,1.61,50,14,1,110,2.48,19,17,2,89,7.32,35,15,8,47,7.73,22,17,4,0
86,7.17,8,7,10,101,2.47,43,1,10,90,4.04,11,1,6,57,7.48,49,0,1,87,5.36,39,7,3,0
57,2.67,18,12,5,81,5.86,21,16,1,58,4.1,46,3,3,111,7.38,29,10,9,54,6.85,13,18,6,0
34,6.79,21,6,5,61,8.55,36,0,4,73,4.99,48,17,6,63,9.77,34,20,5,113,9.02,15,6,2,1
100,1.79,17,17,9,55,7.2,25,5,7,58,8.59,38,12,7,52,5.31,2,4,9,116,7.84,48,9,6,0
81,9.68,29,14,6,35,6.04,49,1,10,113,9.91,50,0,8,65,9.15,5,17,6,119,9.42,3,7,1,1
27,7.91,44,7,6,41,8.8,17,6,1,110,4.5,37,1,7,54,9.1,43,15,2,24,2.65,13,5,5,2
98,6.99,27,16,6,71,7.64,32,0,4,27,1.39,47,11,6,16,8.79,44,13,9,65,2.81,0,19,10,0
82,8.15,43,8,5,34,4.31,4,3,5,56,8.54,6,0,3,85,2.54,7,2,7,73,6.53,10,10,5,0
22,6.15,20,16,7,99,5.56,40,0,8,29,9.61,33,4,4,25,4.82,49,11,7,27,4.1,31,7,10,2
72,5.69,11,15,10,19,1.45,45,15,6,75,4.27,17,16,2,44,2.96,46,5,1,91,8.24,0,15,3,0
43,6.38,7,5,10,98,2.45,47,2,4,60,9.3,22,14,9,88,7.9,8,15,1,85,9.05,34,18,5,1
86,9.47,37,4,5,80,5.26,9,2,1,56,3.93,20,12,10,27,3.35,38,1,6,37,9.34,50,17,2,2
95,6.06,30,2,10,109,9.16,45,5,9,61,7.04,27,3,3,119,7.85,40,8,8,39,9.04,18,15,6,1
102,8.21,0,1,4,77,5.2,49,20,6,16,3.89,20,2,2,46,6.11,49,8,9,117,4.03,6,4,6,0
101,7.2,14,12,9,14,6.72,32,4,6,105,5.35,45,18,3,79,4.27,24,19,7,42,5.7,14,17,7,0
106,6.65,7,5,10,70,2.81,44,20,1,85,4.44,0,14,9,55,6.0,31,13,7,65,8.82,2,13,4,0
37,5.82,20,9,6,11,6.98,23,10,2,26,9.53,16,2,1,61,6.15,49,8,9,112,5.93,32,20,6,0
46,3.5,29,11,9,88,2.05,17,20,2,96,1.24,46,3,10,69,6.25,41,3,9,18,9.94,37,6,8,2
97,4.33,23,10,8,11,9.28,34,1,7,55,6.35,8,10,5,120,1.16,28,8,5,20,3.73,31,19,10,0
96,3.65,10,5,10,13,7.49,17,7,5,24,5.77,32,2,10,89,9.68,32,19,9,59,6.36,15,1,6,0
109,8.8,6,4,10,107,5.21,33,16,1,98,6.42,33,0,3,104,5.46,11,11,4,85,7.38,49,19,7,0
111,7.14,36,11,1,65,4.85,30,6,8,30,4.55,26,18,7,88,4.9,45,18,9,112,9.93,23,13,6,2
45,1.45,7,14,8,77,5.11,29,1,8,40,1.89,41,5,4,68,3.38,22,0,10,18,9.39,46,4,1,0
68,2.65,20,12,7,84,7.14,1,15,8,52,6.9,15,10,6,77,7.87,31,12,7,113,2.37,33,0,9,0
50,2.79,35,16,3,48,4.56,40,4,1,81,9.78,47,18,3,111,7.59,17,7,9,70,4.48,35,12,3,2
32,3.05,35,16,3,21,3.33,50,19,10,77,4.86,21,5,1,30,5.53,50,3,3,34,1.7,18,2,5,2
41,3.62,7,20,8,12,7.31,31,5,9,46,9.49,31,6,10,64,5.68,46,15,2,85,4.43,45,20,8,2
62,3.63,35,16,10,29,1.08,43,12,6,104,9.46,39,11,6,66,9.6,11,7,6,76,2.5,40,20,6,2
96,5.04,7,4,5,44,9.82,13,5,3,11,4.53,4,14,2,83,6.45,45,5,4,29,1.18,12,16,8,0
52,8.46,3,12,10,92,5.37,1,0,7,62,2.02,32,5,6,70,6.51,46,10,3,105,8.54,12,17,9,0
103,7.81,18,8,4,79,7.83,32,16,8,106,4.26,27,0,2,81,2.07,25,1,10,113,5.61,43,0,4,0
51,7.5,20,9,2,86,1.36,24,15,7,62,1.57,38,2,2,10,6.76,39,18,5,89,9.61,33,11,6,2
19,4.24,36,18,6,112,8.9,11,19,6,15,3.31,7,18,5,39,2.36,34,7,3,52,9.76,42,18,6,0
43,5.88,50,2,8,14,8.45,47,5,2,71,5.27,37,2,4,48,6.38,19,10,5,59,1.49,20,1,5,2
59,3.66,13,5,4,61,3.55,0,17,5,59,6.64,11,14,10,30,6.73,4,13,8,108,2.35,19,0,2,0
116,1.78,22,12,10,20,4.33,4,7,3,75,5.53,29,2,1,37,6.09,4,11,5,18,1.96,10,15,7,0
70,6.88,38,8,6,101,6.53,22,15,5,28,5.72,7,8,10,57,6.13,11,19,6,63,4.42,47,19,8,0
114,9.3,31,13,5,49,9.55,35,3,2,52,7.69,10,20,5,37,6.82,44,5,3,102,7.62,43,10,5,1
97,5.5,12,13,5,53,1.75,36,18,5,26,8.24,4,17,5,41,1.13,49,18,5,92,9.96,31,14,4,0
81,8.63,2,17,8,41,6.53,27,14,3,57,1.33,11,2,6,32,4.15,33,10,9,39,1.9,50,2,1,0
90,8.59,20,4,2,99,1.76,22,8,6,43,3.66,9,1,10,30,2.77,39,2,8,82,7.23,8,5,5,0
90,6.74,28,4,4,12,8.03,28,3,7,77,5.53,14,8,8,51,2.63,21,13,1,10,5.27,49,2,2,0
49,9.99,43,6,2,59,8.02,10,4,10,80,9.86,33,7,3,94,4.92,33,7,10,50,3.97,7,19,6,1
108,6.41,0,15,4,108,5.65,19,17,10,63,5.9,15,20,6,113,4.4,42,0,6,23,3.83,39,10,6,0
41,1.33,11,11,5,111,3.73,7,18,9,90,3.99,40,2,1,30,2.87,49,7,9,97,3.59,44,9,10,2
92,9.06,13,12,6,43,2.78,50,4,7,44,3.51,48,1,1,31,9.22,19,18,7,99,3.3,41,15,10,2
116,1.23,13,2,3,73,7.66,46,12,2,30,1.25,30,19,9,113,4.59,2,1,3,100,8.46,47,2,5,0
69,6.01,39,3,1,76,6.54,32,16,9,60,7.4,3,9,1,99,7.66,30,15,9,37,1.7,2,4,4,0
120,4.31,22,17,1,30,6.73,5,5,3,59,6.94,24,17,9,96,8.02,5,17,6,98,9.16,31,14,6,1
114,8.71,50,12,5,28,2.96,42,9,9,70,2.33,36,11,8,11,6.44,27,9,4,37,5.95,34,11,1,2
76,2.5,28,5,6,61,2.22,23,20,6,99,9.54,15,19,2,100,3.87,15,16,4,104,4.96,12,0,7,0
26,1.11,15,4,4,111,2.8,13,20,4,63,4.52,11,19,8,100,8.2,49,9,4,81,9.84,46,14,7,0
55,1.32,9,10,8,14,5.42,24,12,7,69,9.17,12,3,7,53,5.87,43,12,4,79,4.44,42,9,5,0
86,8.84,13,6,5,33,4.38,13,17,10,32,1.01,9,5,7,87,5.77,34,10,3,88,5.0,28,7,10,0
60,3.84,35,14,3,57,9.41,35,13,4,112,7.82,29,3,7,42,9.71,45,13,1,118,4.75,28,4,5,1
120,7.79,5,14,7,19,6.27,6,2,6,41,2.77,9,4,3,67,3.09,33,8,8,83,9.4,14,18,9,0
78,7.78,11,19,4,51,2.41,22,0,9,115,4.51,20,5,1,86,6.7,44,5,3,66,6.18,1,1,10,0
79,4.22,5,1,6,25,5.2,45,9,5,101,2.2,13,20,5,107,1.85,4,11,4,78,8.91,47,12,5,0
104,7.9,41,18,9,12,8.96,34,6,6,100,4.18,42,11,4,69,6.68,47,0,3,79,4.7,2,15,10,2
74,8.69,38,0,8,37,6.94,23,17,7,69,9.07,2,12,4,119,8.45,44,12,7,32,2.4,6,18,5,1
14,5.27,36,18,1,60,9.21,16,1,4,93,9.89,5,6,7,32,6.38,14,18,2,41,6.59,23,9,7,1
46,1.83,27,8,8,23,6.47,47,12,9,17,6.81,45,8,6,108,8.99,11,17,5,31,2.21,35,4,4,2
104,5.56,2,3,10,43,4.67,4,3,7,57,8.23,10,7,1,15,6.85,48,20,9,60,5.0,43,11,1,0
64,5.32,14,2,9,91,6.01,46,17,3,103,3.63,44,14,6,50,1.56,16,3,8,104,8.83,11,13,9,0
32,7.79,27,0,2,115,6.64,47,19,7,79,8.14,36,1,6,74,3.23,34,0,10,65,5.33,5,17,5,0
54,3.04,13,17,4,94,2.54,39,16,3,16,5.43,14,18,5,51,3.7,4,8,6,60,7.82,25,10,3,0
14,1.26,33,1,4,104,6.22,3,0,7,52,7.12,9,14,9,10,8.26,46,5,10,10,6.5,15,1,6,0
44,5.96,3,3,4,63,1.25,23,12,3,112,2.68,6,6,9,105,8.09,5,20,3,11,8.06,18,9,2,0
38,5.73,31,15,1,109,7.87,43,16,7,96,7.6,50,10,3,14,2.38,47,2,6,55,4.01,35,18,1,2
40,4.16,36,10,6,40,8.83,12,8,3,52,7.5,27,15,7,17,8.08,10,3,4,42,8.91,50,9,1,1
54,4.25,20,18,6,57,4.53,24,4,2,18,3.98,38,11,1,78,3.19,48,18,3,99,4.82,8,15,8,0
26,6.14,32,1,4,89,8.12,15,8,1,30,1.05,27,13,7,81,8.93,33,19,10,41,4.41,1,8,7,0
81,1.85,44,0,6,55,2.66,15,20,5,33,4.48,43,3,7,67,5.82,6,7,8,28,3.75,28,11,3,0
100,3.82,42,0,2,67,6.94,23,20,1,37,2.26,34,3,1,82,5.73,28,15,10,100,4.76,9,12,8,0
21,6.41,22,19,9,102,7.52,8,8,3,48,5.22,25,1,6,105,5.31,45,3,2,25,5.21,34,6,6,0
63,5.77,25,3,2,101,3.84,20,16,8,54,9.62,48,12,1,17,6.13,5,8,2,74,6.82,12,0,9,0
65,4.59,36,10,7,63,3.28,49,9,9,74,9.32,3,6,5,54,7.08,23,16,5,79,9.46,28,5,10,0
56,2.38,22,18,6,80,3.53,15,1,10,35,7.8,18,4,1,38,9.84,21,13,6,101,4.04,7,9,7,0
50,4.57,50,20,8,85,1.57,27,2,6,64,6.68,16,0,2,39,4.07,48,6,2,88,2.68,11,13,10,2
104,6.92,16,16,8,98,6.6,10,4,2,45,8.56,41,4,1,36,8.05,22,1,2,105,9.2,5,0,7,1
20,3.61,33,18,2,117,1.17,27,14,9,56,7.1,48,20,8,108,7.79,30,9,8,87,3.7,48,2,8,2
33,9.38,3,5,1,41,9.05,40,4,3,66,6.92,39,1,5,83,8.22,14,2,9,37,5.55,49,11,10,1
51,1.3,0,11,8,19,7.73,44,17,9,73,6.23,44,2,7,49,9.36,30,5,6,119,5.48,1,9,6,0
71,4.23,12,5,8,55,9.19,5,17,5,97,3.31,5,19,7,53,4.23,37,12,10,96,1.39,35,18,4,0
30,9.1,38,1,5,88,3.73,48,0,9,21,5.65,13,20,9,31,8.44,25,13,5,29,2.98,32,16,3,2
47,8.77,46,8,8,58,3.66,11,10,1,41,1.87,16,19,3,75,3.86,8,8,7,67,7.87,22,9,8,0
83,4.01,21,5,1,88,6.97,47,14,10,107,4.42,18,0,10,82,1.22,20,15,4,88,9.62,44,12,4,0
85,8.89,42,2,5,73,1.19,49,4,4,97,3.19,1,0,7,31,2.76,30,7,8,44,9.52,9,0,5,0
107,9.14,34,5,5,64,2.72,4,20,1,13,7.67,0,11,5,58,1.91,37,2,9,107,6.81,4,10,4,0
111,5.9,4,1,9,60,6.98,5,14,2,61,8.31,30,6,2,88,8.74,23,19,6,106,9.39,44,6,5,1
96,4.11,41,16,7,21,2.48,30,18,2,73,6.75,24,20,9,103,8.37,22,19,8,12,1.39,13,13,5,0
81,7.77,23,19,10,75,1.85,42,2,3,82,8.8,2,10,5,73,9.65,23,19,10,96,2.53,11,5,10,0
62,4.23,43,2,1,59,8.26,31,8,3,15,3.06,35,4,9,81,8.54,41,1,1,37,2.11,46,12,9,2
45,5.26,40,8,5,73,2.18,1,0,1,116,3.95,46,6,4,35,4.53,26,0,4,90,3.47,50,1,3,2
39,3.82,15,10,8,23,7.74,45,17,8,18,8.81,31,7,3,75,5.44,13,5,2,107,1.23,5,6,6,0
71,7.85,36,15,6,110,4.62,15,20,9,19,7.65,7,13,1,46,1.47,17,0,8,19,3.02,16,17,1,0
105,3.05,24,8,2,58,8.51,34,4,2,97,2.33,10,11,4,114,7.61,39,9,3,40,3.88,40,0,7,0
61,5.26,8,5,9,76,2.6,15,5,2,64,6.88,44,0,10,83,8.1,26,10,6,101,7.18,41,15,5,0
52,1.47,11,14,2,81,1.9,6,11,10,51,2.84,11,10,9,68,5.2,29,15,7,109,8.85,4,18,2,0
77,9.05,8,14,1,76,3.32,40,16,5,55,2.71,38,2,3,101,3.27,43,8,7,32,8.6,26,7,2,2
38,2.0,31,4,6,98,1.6,4,10,1,115,4.82,26,6,6,57,9.43,14,15,9,14,2.71,24,0,8,0
24,8.04,30,20,5,32,3.84,27,10,7,55,6.08,4,7,10,55,2.7,8,9,9,22,2.02,10,14,4,0
102,4.7,38,19,8,54,9.33,5,9,6,119,7.53,22,15,3,112,3.79,39,7,5,28,6.88,45,9,5,0
15,5.37,45,11,9,109,7.52,39,6,3,70,8.7,47,16,3,119,7.26,6,8,8,60,6.19,38,14,1,1
84,1.18,49,2,8,108,1.93,14,0,5,61,9.85,16,7,6,65,2.97,31,14,4,25,7.36,15,17,7,0
33,9.74,49,0,5,38,3.71,33,0,4,60,7.25,40,5,2,109,3.67,1,5,9,111,2.16,39,19,5,2
81,4.83,30,4,8,83,6.81,25,10,1,73,7.16,30,6,4,106,7.67,20,15,5,83,5.54,47,4,7,2
116,6.2,40,13,5,45,7.56,21,0,5,24,3.65,17,20,6,13,5.04,6,12,6,119,6.83,27,19,8,0
19,5.83,46,2,5,97,4.17,43,5,5,60,7.64,5,15,3,79,3.14,5,7,4,67,4.87,28,0,3,0
10,2.87,3,12,5,22,8.52,18,0,1,115,8.88,33,5,9,92,4.29,44,12,10,110,8.47,17,17,2,0
116,2.05,49,20,8,65,4.91,27,4,4,81,7.23,20,6,2,29,6.53,24,17,3,16,1.19,38,6,9,2
26,3.12,45,12,4,111,9.79,25,6,6,70,8.33,45,0,2,79,8.76,50,2,5,75,3.13,44,1,10,2
77,3.46,10,4,10,48,4.68,11,9,6,107,9.21,26,10,8,18,3.35,38,10,7,24,8.35,46,5,6,0
35,7.77,26,7,3,74,8.53,34,11,6,89,9.62,10,7,6,83,8.07,37,20,3,53,9.47,0,19,8,1
76,2.74,13,9,6,58,4.67,49,19,8,33,4.71,18,8,10,112,4.42,48,15,1,48,9.97,28,2,10,2
80,4.87,22,2,3,32,6.52,44,13,8,115,4.92,41,17,2,67,7.0,46,19,1,14,5.92,35,0,5,2
18,3.41,2,0,5,80,3.85,8,10,6,18,1.35,39,18,8,91,5.14,3,0,5,44,6.89,4,17,2,0
47,4.76,49,14,8,23,9.44,42,12,6,82,7.37,34,0,3,45,4.56,47,11,7,34,7.01,46,1,4,2
41,6.22,29,7,6,67,2.39,28,4,10,74,3.34,32,6,8,47,4.5,35,19,9,117,4.69,22,14,1,0
54,8.69,18,16,8,52,1.28,45,19,3,50,9.14,11,0,2,88,9.86,26,11,9,23,1.05,21,20,10,0
84,3.26,12,9,8,66,3.11,37,13,1,38,3.88,44,7,10,35,2.06,16,16,5,101,6.96,29,18,1,0
58,9.93,21,12,10,74,1.39,24,13,4,104,9.78,15,11,8,71,8.26,2,18,5,45,6.16,34,6,4,1
37,9.11,23,6,9,42,1.66,1,6,1,50,4.48,7,5,1,73,8.3,40,8,3,39,9.11,25,3,7,0
62,9.53,46,2,8,111,6.86,19,8,1,34,7.66,16,5,5,120,9.87,34,6,7,82,5.38,32,14,6,1
62,6.21,38,17,2,10,8.02,32,9,10,16,4.0,24,2,1,36,6.28,28,12,6,17,9.74,34,4,8,2
11,8.5,38,11,7,24,7.18,46,7,4,44,2.88,42,4,4,68,4.36,48,8,2,43,5.51,2,12,7,2
